{"timestamp": "2026-05-12 08:41:07", "level": "DEBUG", "logger": "celery.utils.functional", "message": "
def queue_signal_notifications(self, signal_id):
    return 1
", "lineno": 375}
{"timestamp": "2026-05-12 08:41:07", "level": "DEBUG", "logger": "celery.utils.functional", "message": "
def chord(self, header, body, partial_args=0, interval=1, countdown=2, max_retries=3, eager=4, **kwargs):
    return 1
", "lineno": 375}
{"timestamp": "2026-05-12 08:41:07", "level": "DEBUG", "logger": "celery.utils.functional", "message": "
def unlock_chord(self, group_id, callback, interval=0, max_retries=1, result=2, Result=3, GroupResult=4, result_from_tuple=5, **kwargs):
    return 1
", "lineno": 375}
{"timestamp": "2026-05-12 08:41:07", "level": "DEBUG", "logger": "celery.utils.functional", "message": "
def cleanup_old_signals(self, days=0):
    return 1
", "lineno": 375}
{"timestamp": "2026-05-12 08:41:07", "level": "DEBUG", "logger": "celery.utils.functional", "message": "
def xmap(task, it):
    return 1
", "lineno": 375}
{"timestamp": "2026-05-12 08:41:07", "level": "DEBUG", "logger": "celery.utils.functional", "message": "
def generate_daily_recap(self, days=0):
    return 1
", "lineno": 375}
{"timestamp": "2026-05-12 08:41:07", "level": "DEBUG", "logger": "celery.utils.functional", "message": "
def xstarmap(task, it):
    return 1
", "lineno": 375}
{"timestamp": "2026-05-12 08:41:07", "level": "DEBUG", "logger": "celery.utils.functional", "message": "
def generate_signals(self):
    return 1
", "lineno": 375}
{"timestamp": "2026-05-12 08:41:07", "level": "DEBUG", "logger": "celery.utils.functional", "message": "
def chunks(task, it, n):
    return 1
", "lineno": 375}
{"timestamp": "2026-05-12 08:41:07", "level": "DEBUG", "logger": "celery.utils.functional", "message": "
def aggregate_signal_performance(self):
    return 1
", "lineno": 375}
{"timestamp": "2026-05-12 08:41:07", "level": "DEBUG", "logger": "celery.utils.functional", "message": "
def group(self, tasks, result, group_id, partial_args, add_to_parent=0):
    return 1
", "lineno": 375}
{"timestamp": "2026-05-12 08:41:07", "level": "DEBUG", "logger": "celery.utils.functional", "message": "
def backend_cleanup():
    return 1
", "lineno": 375}
{"timestamp": "2026-05-12 08:41:07", "level": "DEBUG", "logger": "celery.utils.functional", "message": "
def generate_market_summary(self, days=0):
    return 1
", "lineno": 375}
{"timestamp": "2026-05-12 08:41:07", "level": "DEBUG", "logger": "celery.utils.functional", "message": "
def check_price_alerts(self):
    return 1
", "lineno": 375}
{"timestamp": "2026-05-12 08:41:07", "level": "DEBUG", "logger": "celery.utils.functional", "message": "
def chain(*args, **kwargs):
    return 1
", "lineno": 375}
{"timestamp": "2026-05-12 08:41:07", "level": "DEBUG", "logger": "celery.utils.functional", "message": "
def accumulate(self, *args, **kwargs):
    return 1
", "lineno": 375}
{"timestamp": "2026-05-12 08:41:07", "level": "DEBUG", "logger": "celery.beat", "message": "Setting default socket timeout to 30", "lineno": 108}
{"timestamp": "2026-05-12 08:41:07", "level": "INFO", "logger": "celery.beat", "message": "beat: Starting...", "lineno": 634}
{"timestamp": "2026-05-12 08:41:07", "level": "DEBUG", "logger": "celery.beat", "message": "beat: Ticking with max interval->5.00 seconds", "lineno": 635}
{"timestamp": "2026-05-12 08:41:07", "level": "DEBUG", "logger": "celery.beat", "message": "beat: Waking up in 5.00 seconds.", "lineno": 647}
{"timestamp": "2026-05-12 08:41:12", "level": "DEBUG", "logger": "celery.beat", "message": "beat: Synchronizing schedule...", "lineno": 429}
{"timestamp": "2026-05-12 08:41:12", "level": "DEBUG", "logger": "celery.beat", "message": "beat: Waking up in 5.00 seconds.", "lineno": 647}
{"timestamp": "2026-05-12 08:41:17", "level": "DEBUG", "logger": "celery.beat", "message": "beat: Waking up in 5.00 seconds.", "lineno": 647}
{"timestamp": "2026-05-12 08:41:22", "level": "DEBUG", "logger": "celery.beat", "message": "beat: Waking up in 5.00 seconds.", "lineno": 647}
{"timestamp": "2026-05-12 08:41:27", "level": "DEBUG", "logger": "celery.beat", "message": "beat: Waking up in 5.00 seconds.", "lineno": 647}
{"timestamp": "2026-05-12 08:41:32", "level": "DEBUG", "logger": "celery.beat", "message": "beat: Waking up in 5.00 seconds.", "lineno": 647}
{"timestamp": "2026-05-12 08:41:37", "level": "DEBUG", "logger": "celery.beat", "message": "beat: Waking up in 5.00 seconds.", "lineno": 647}
{"timestamp": "2026-05-12 08:41:43", "level": "DEBUG", "logger": "celery.beat", "message": "beat: Waking up in 5.00 seconds.", "lineno": 647}
{"timestamp": "2026-05-12 08:41:48", "level": "DEBUG", "logger": "celery.beat", "message": "beat: Waking up in 5.00 seconds.", "lineno": 647}
{"timestamp": "2026-05-12 08:41:53", "level": "DEBUG", "logger": "celery.beat", "message": "beat: Waking up in 5.00 seconds.", "lineno": 647}
{"timestamp": "2026-05-12 08:41:58", "level": "DEBUG", "logger": "celery.beat", "message": "beat: Waking up in 5.00 seconds.", "lineno": 647}
{"timestamp": "2026-05-12 08:42:03", "level": "DEBUG", "logger": "celery.beat", "message": "beat: Waking up in 5.00 seconds.", "lineno": 647}
{"timestamp": "2026-05-12 08:42:08", "level": "DEBUG", "logger": "celery.beat", "message": "beat: Waking up in 5.00 seconds.", "lineno": 647}
{"timestamp": "2026-05-12 08:42:13", "level": "DEBUG", "logger": "celery.beat", "message": "beat: Waking up in 5.00 seconds.", "lineno": 647}
{"timestamp": "2026-05-12 08:42:18", "level": "DEBUG", "logger": "celery.beat", "message": "beat: Waking up in 5.00 seconds.", "lineno": 647}
{"timestamp": "2026-05-12 08:42:23", "level": "DEBUG", "logger": "celery.beat", "message": "beat: Waking up in 5.00 seconds.", "lineno": 647}
{"timestamp": "2026-05-12 08:42:28", "level": "DEBUG", "logger": "celery.beat", "message": "beat: Waking up in 5.00 seconds.", "lineno": 647}
{"timestamp": "2026-05-12 08:42:33", "level": "DEBUG", "logger": "celery.beat", "message": "beat: Waking up in 5.00 seconds.", "lineno": 647}
{"timestamp": "2026-05-12 08:42:38", "level": "DEBUG", "logger": "celery.beat", "message": "beat: Waking up in 5.00 seconds.", "lineno": 647}
{"timestamp": "2026-05-12 08:42:43", "level": "DEBUG", "logger": "celery.beat", "message": "beat: Waking up in 5.00 seconds.", "lineno": 647}
{"timestamp": "2026-05-12 08:42:48", "level": "DEBUG", "logger": "celery.beat", "message": "beat: Waking up in 5.00 seconds.", "lineno": 647}
{"timestamp": "2026-05-12 08:42:53", "level": "DEBUG", "logger": "celery.beat", "message": "beat: Waking up in 5.00 seconds.", "lineno": 647}
{"timestamp": "2026-05-12 08:42:58", "level": "DEBUG", "logger": "celery.beat", "message": "beat: Waking up in 5.00 seconds.", "lineno": 647}
{"timestamp": "2026-05-12 08:43:03", "level": "DEBUG", "logger": "celery.beat", "message": "beat: Waking up in 5.00 seconds.", "lineno": 647}
{"timestamp": "2026-05-12 08:43:08", "level": "DEBUG", "logger": "celery.beat", "message": "beat: Waking up in 5.00 seconds.", "lineno": 647}
{"timestamp": "2026-05-12 08:43:13", "level": "DEBUG", "logger": "celery.beat", "message": "beat: Waking up in 5.00 seconds.", "lineno": 647}
{"timestamp": "2026-05-12 08:43:18", "level": "DEBUG", "logger": "celery.beat", "message": "beat: Waking up in 5.00 seconds.", "lineno": 647}
{"timestamp": "2026-05-12 08:43:23", "level": "DEBUG", "logger": "celery.beat", "message": "beat: Waking up in 5.00 seconds.", "lineno": 647}
{"timestamp": "2026-05-12 08:43:40", "level": "DEBUG", "logger": "celery.utils.functional", "message": "
def queue_signal_notifications(self, signal_id):
    return 1
", "lineno": 375}
{"timestamp": "2026-05-12 08:43:40", "level": "DEBUG", "logger": "celery.utils.functional", "message": "
def chord(self, header, body, partial_args=0, interval=1, countdown=2, max_retries=3, eager=4, **kwargs):
    return 1
", "lineno": 375}
{"timestamp": "2026-05-12 08:43:40", "level": "DEBUG", "logger": "celery.utils.functional", "message": "
def unlock_chord(self, group_id, callback, interval=0, max_retries=1, result=2, Result=3, GroupResult=4, result_from_tuple=5, **kwargs):
    return 1
", "lineno": 375}
{"timestamp": "2026-05-12 08:43:40", "level": "DEBUG", "logger": "celery.utils.functional", "message": "
def cleanup_old_signals(self, days=0):
    return 1
", "lineno": 375}
{"timestamp": "2026-05-12 08:43:40", "level": "DEBUG", "logger": "celery.utils.functional", "message": "
def xmap(task, it):
    return 1
", "lineno": 375}
{"timestamp": "2026-05-12 08:43:40", "level": "DEBUG", "logger": "celery.utils.functional", "message": "
def generate_daily_recap(self, days=0):
    return 1
", "lineno": 375}
{"timestamp": "2026-05-12 08:43:40", "level": "DEBUG", "logger": "celery.utils.functional", "message": "
def xstarmap(task, it):
    return 1
", "lineno": 375}
{"timestamp": "2026-05-12 08:43:40", "level": "DEBUG", "logger": "celery.utils.functional", "message": "
def generate_signals(self):
    return 1
", "lineno": 375}
{"timestamp": "2026-05-12 08:43:40", "level": "DEBUG", "logger": "celery.utils.functional", "message": "
def chunks(task, it, n):
    return 1
", "lineno": 375}
{"timestamp": "2026-05-12 08:43:40", "level": "DEBUG", "logger": "celery.utils.functional", "message": "
def aggregate_signal_performance(self):
    return 1
", "lineno": 375}
{"timestamp": "2026-05-12 08:43:40", "level": "DEBUG", "logger": "celery.utils.functional", "message": "
def group(self, tasks, result, group_id, partial_args, add_to_parent=0):
    return 1
", "lineno": 375}
{"timestamp": "2026-05-12 08:43:40", "level": "DEBUG", "logger": "celery.utils.functional", "message": "
def backend_cleanup():
    return 1
", "lineno": 375}
{"timestamp": "2026-05-12 08:43:40", "level": "DEBUG", "logger": "celery.utils.functional", "message": "
def generate_market_summary(self, days=0):
    return 1
", "lineno": 375}
{"timestamp": "2026-05-12 08:43:40", "level": "DEBUG", "logger": "celery.utils.functional", "message": "
def check_price_alerts(self):
    return 1
", "lineno": 375}
{"timestamp": "2026-05-12 08:43:40", "level": "DEBUG", "logger": "celery.utils.functional", "message": "
def chain(*args, **kwargs):
    return 1
", "lineno": 375}
{"timestamp": "2026-05-12 08:43:40", "level": "DEBUG", "logger": "celery.utils.functional", "message": "
def accumulate(self, *args, **kwargs):
    return 1
", "lineno": 375}
{"timestamp": "2026-05-12 08:43:40", "level": "DEBUG", "logger": "celery.beat", "message": "Setting default socket timeout to 30", "lineno": 108}
{"timestamp": "2026-05-12 08:43:40", "level": "INFO", "logger": "celery.beat", "message": "beat: Starting...", "lineno": 634}
{"timestamp": "2026-05-12 08:43:40", "level": "DEBUG", "logger": "celery.beat", "message": "beat: Ticking with max interval->5.00 seconds", "lineno": 635}
{"timestamp": "2026-05-12 08:43:40", "level": "DEBUG", "logger": "celery.beat", "message": "beat: Waking up in 5.00 seconds.", "lineno": 647}
{"timestamp": "2026-05-12 08:43:41", "level": "DEBUG", "logger": "celery.utils.functional", "message": "
def cleanup_old_signals(self, days=0):
    return 1
", "lineno": 375}
{"timestamp": "2026-05-12 08:43:41", "level": "DEBUG", "logger": "celery.utils.functional", "message": "
def generate_daily_recap(self, days=0):
    return 1
", "lineno": 375}
{"timestamp": "2026-05-12 08:43:41", "level": "DEBUG", "logger": "celery.utils.functional", "message": "
def chord(self, header, body, partial_args=0, interval=1, countdown=2, max_retries=3, eager=4, **kwargs):
    return 1
", "lineno": 375}
{"timestamp": "2026-05-12 08:43:41", "level": "DEBUG", "logger": "celery.utils.functional", "message": "
def unlock_chord(self, group_id, callback, interval=0, max_retries=1, result=2, Result=3, GroupResult=4, result_from_tuple=5, **kwargs):
    return 1
", "lineno": 375}
{"timestamp": "2026-05-12 08:43:41", "level": "DEBUG", "logger": "celery.utils.functional", "message": "
def generate_signals(self):
    return 1
", "lineno": 375}
{"timestamp": "2026-05-12 08:43:41", "level": "DEBUG", "logger": "celery.utils.functional", "message": "
def xmap(task, it):
    return 1
", "lineno": 375}
{"timestamp": "2026-05-12 08:43:41", "level": "DEBUG", "logger": "celery.utils.functional", "message": "
def aggregate_signal_performance(self):
    return 1
", "lineno": 375}
{"timestamp": "2026-05-12 08:43:41", "level": "DEBUG", "logger": "celery.utils.functional", "message": "
def xstarmap(task, it):
    return 1
", "lineno": 375}
{"timestamp": "2026-05-12 08:43:41", "level": "DEBUG", "logger": "celery.utils.functional", "message": "
def generate_market_summary(self, days=0):
    return 1
", "lineno": 375}
{"timestamp": "2026-05-12 08:43:41", "level": "DEBUG", "logger": "celery.utils.functional", "message": "
def chunks(task, it, n):
    return 1
", "lineno": 375}
{"timestamp": "2026-05-12 08:43:41", "level": "DEBUG", "logger": "celery.utils.functional", "message": "
def check_price_alerts(self):
    return 1
", "lineno": 375}
{"timestamp": "2026-05-12 08:43:41", "level": "DEBUG", "logger": "celery.utils.functional", "message": "
def queue_signal_notifications(self, signal_id):
    return 1
", "lineno": 375}
{"timestamp": "2026-05-12 08:43:41", "level": "DEBUG", "logger": "celery.utils.functional", "message": "
def group(self, tasks, result, group_id, partial_args, add_to_parent=0):
    return 1
", "lineno": 375}
{"timestamp": "2026-05-12 08:43:41", "level": "DEBUG", "logger": "celery.utils.functional", "message": "
def backend_cleanup():
    return 1
", "lineno": 375}
{"timestamp": "2026-05-12 08:43:41", "level": "DEBUG", "logger": "celery.utils.functional", "message": "
def chain(*args, **kwargs):
    return 1
", "lineno": 375}
{"timestamp": "2026-05-12 08:43:41", "level": "DEBUG", "logger": "celery.utils.functional", "message": "
def accumulate(self, *args, **kwargs):
    return 1
", "lineno": 375}
{"timestamp": "2026-05-12 08:43:41", "level": "DEBUG", "logger": "celery.bootsteps", "message": "| Worker: Preparing bootsteps.", "lineno": 259}
{"timestamp": "2026-05-12 08:43:41", "level": "DEBUG", "logger": "celery.bootsteps", "message": "| Worker: Building graph...", "lineno": 259}
{"timestamp": "2026-05-12 08:43:41", "level": "DEBUG", "logger": "celery.bootsteps", "message": "| Worker: New boot order: {Beat, Timer, Hub, Pool, Autoscaler, StateDB, Consumer}", "lineno": 259}
{"timestamp": "2026-05-12 08:43:41", "level": "DEBUG", "logger": "celery.bootsteps", "message": "| Consumer: Preparing bootsteps.", "lineno": 259}
{"timestamp": "2026-05-12 08:43:41", "level": "DEBUG", "logger": "celery.bootsteps", "message": "| Consumer: Building graph...", "lineno": 259}
{"timestamp": "2026-05-12 08:43:41", "level": "DEBUG", "logger": "celery.bootsteps", "message": "| Consumer: New boot order: {Connection, Events, Heart, Mingle, Tasks, Control, Gossip, Agent, DelayedDelivery, event loop}", "lineno": 259}
{"timestamp": "2026-05-12 08:43:41", "level": "DEBUG", "logger": "celery.bootsteps", "message": "| Worker: Starting Hub", "lineno": 259}
{"timestamp": "2026-05-12 08:43:41", "level": "DEBUG", "logger": "celery.bootsteps", "message": "^-- substep ok", "lineno": 117}
{"timestamp": "2026-05-12 08:43:41", "level": "DEBUG", "logger": "celery.bootsteps", "message": "| Worker: Starting Pool", "lineno": 259}
{"timestamp": "2026-05-12 08:43:41", "level": "DEBUG", "logger": "celery.bootsteps", "message": "^-- substep ok", "lineno": 117}
{"timestamp": "2026-05-12 08:43:41", "level": "DEBUG", "logger": "celery.bootsteps", "message": "| Worker: Starting Consumer", "lineno": 259}
{"timestamp": "2026-05-12 08:43:41", "level": "DEBUG", "logger": "celery.bootsteps", "message": "| Consumer: Starting Connection", "lineno": 259}
{"timestamp": "2026-05-12 08:43:41", "level": "INFO", "logger": "celery.worker.consumer.connection", "message": "Connected to redis://redis:6379/0", "lineno": 22}
{"timestamp": "2026-05-12 08:43:41", "level": "DEBUG", "logger": "celery.bootsteps", "message": "^-- substep ok", "lineno": 117}
{"timestamp": "2026-05-12 08:43:41", "level": "DEBUG", "logger": "celery.bootsteps", "message": "| Consumer: Starting Events", "lineno": 259}
{"timestamp": "2026-05-12 08:43:41", "level": "DEBUG", "logger": "celery.bootsteps", "message": "^-- substep ok", "lineno": 117}
{"timestamp": "2026-05-12 08:43:41", "level": "DEBUG", "logger": "celery.bootsteps", "message": "| Consumer: Starting Heart", "lineno": 259}
{"timestamp": "2026-05-12 08:43:41", "level": "DEBUG", "logger": "celery.bootsteps", "message": "^-- substep ok", "lineno": 117}
{"timestamp": "2026-05-12 08:43:41", "level": "DEBUG", "logger": "celery.bootsteps", "message": "| Consumer: Starting Mingle", "lineno": 259}
{"timestamp": "2026-05-12 08:43:41", "level": "INFO", "logger": "celery.worker.consumer.mingle", "message": "mingle: searching for neighbors", "lineno": 40}
{"timestamp": "2026-05-12 08:43:42", "level": "INFO", "logger": "celery.worker.consumer.mingle", "message": "mingle: all alone", "lineno": 49}
{"timestamp": "2026-05-12 08:43:42", "level": "DEBUG", "logger": "celery.bootsteps", "message": "^-- substep ok", "lineno": 117}
{"timestamp": "2026-05-12 08:43:42", "level": "DEBUG", "logger": "celery.bootsteps", "message": "| Consumer: Starting Tasks", "lineno": 259}
{"timestamp": "2026-05-12 08:43:42", "level": "DEBUG", "logger": "celery.bootsteps", "message": "^-- substep ok", "lineno": 117}
{"timestamp": "2026-05-12 08:43:42", "level": "DEBUG", "logger": "celery.bootsteps", "message": "| Consumer: Starting Control", "lineno": 259}
{"timestamp": "2026-05-12 08:43:42", "level": "DEBUG", "logger": "celery.bootsteps", "message": "^-- substep ok", "lineno": 117}
{"timestamp": "2026-05-12 08:43:42", "level": "DEBUG", "logger": "celery.bootsteps", "message": "| Consumer: Starting Gossip", "lineno": 259}
{"timestamp": "2026-05-12 08:43:42", "level": "DEBUG", "logger": "celery.bootsteps", "message": "^-- substep ok", "lineno": 117}
{"timestamp": "2026-05-12 08:43:42", "level": "DEBUG", "logger": "celery.bootsteps", "message": "| Consumer: Starting event loop", "lineno": 259}
{"timestamp": "2026-05-12 08:43:42", "level": "DEBUG", "logger": "celery.bootsteps", "message": "| Worker: Hub.register Pool...", "lineno": 259}
{"timestamp": "2026-05-12 08:43:42", "level": "INFO", "logger": "celery.apps.worker", "message": "celery@afe91611b257 ready.", "lineno": 182}
{"timestamp": "2026-05-12 08:43:45", "level": "DEBUG", "logger": "celery.beat", "message": "beat: Synchronizing schedule...", "lineno": 429}
{"timestamp": "2026-05-12 08:43:45", "level": "DEBUG", "logger": "celery.beat", "message": "beat: Waking up in 5.00 seconds.", "lineno": 647}
{"timestamp": "2026-05-12 08:43:50", "level": "DEBUG", "logger": "celery.beat", "message": "beat: Waking up in 5.00 seconds.", "lineno": 647}
{"timestamp": "2026-05-12 08:43:55", "level": "DEBUG", "logger": "celery.beat", "message": "beat: Waking up in 5.00 seconds.", "lineno": 647}
{"timestamp": "2026-05-12 08:44:00", "level": "DEBUG", "logger": "celery.beat", "message": "beat: Waking up in 5.00 seconds.", "lineno": 647}
{"timestamp": "2026-05-12 08:44:05", "level": "DEBUG", "logger": "celery.beat", "message": "beat: Waking up in 5.00 seconds.", "lineno": 647}
{"timestamp": "2026-05-12 08:44:10", "level": "DEBUG", "logger": "celery.beat", "message": "beat: Waking up in 5.00 seconds.", "lineno": 647}
{"timestamp": "2026-05-12 08:44:15", "level": "DEBUG", "logger": "celery.beat", "message": "beat: Waking up in 5.00 seconds.", "lineno": 647}
{"timestamp": "2026-05-12 08:44:20", "level": "DEBUG", "logger": "celery.beat", "message": "beat: Waking up in 5.00 seconds.", "lineno": 647}
{"timestamp": "2026-05-12 08:44:25", "level": "DEBUG", "logger": "celery.beat", "message": "beat: Waking up in 5.00 seconds.", "lineno": 647}
{"timestamp": "2026-05-12 08:44:30", "level": "DEBUG", "logger": "celery.beat", "message": "beat: Waking up in 5.00 seconds.", "lineno": 647}
{"timestamp": "2026-05-12 08:44:35", "level": "DEBUG", "logger": "celery.beat", "message": "beat: Waking up in 5.00 seconds.", "lineno": 647}
{"timestamp": "2026-05-12 08:44:40", "level": "DEBUG", "logger": "celery.beat", "message": "beat: Waking up in 5.00 seconds.", "lineno": 647}
{"timestamp": "2026-05-12 08:44:45", "level": "DEBUG", "logger": "celery.beat", "message": "beat: Waking up in 5.00 seconds.", "lineno": 647}
{"timestamp": "2026-05-12 08:44:50", "level": "DEBUG", "logger": "celery.beat", "message": "beat: Waking up in 5.00 seconds.", "lineno": 647}
{"timestamp": "2026-05-12 08:44:55", "level": "DEBUG", "logger": "celery.beat", "message": "beat: Waking up in 5.00 seconds.", "lineno": 647}
{"timestamp": "2026-05-12 08:45:00", "level": "DEBUG", "logger": "celery.beat", "message": "beat: Waking up in 5.00 seconds.", "lineno": 647}
{"timestamp": "2026-05-12 08:45:05", "level": "DEBUG", "logger": "celery.bootsteps", "message": "| Worker: Closing Hub...", "lineno": 259}
{"timestamp": "2026-05-12 08:45:05", "level": "DEBUG", "logger": "celery.bootsteps", "message": "| Worker: Closing Pool...", "lineno": 259}
{"timestamp": "2026-05-12 08:45:05", "level": "DEBUG", "logger": "celery.bootsteps", "message": "| Worker: Closing Consumer...", "lineno": 259}
{"timestamp": "2026-05-12 08:45:05", "level": "DEBUG", "logger": "celery.bootsteps", "message": "| Worker: Stopping Consumer...", "lineno": 259}
{"timestamp": "2026-05-12 08:45:05", "level": "DEBUG", "logger": "celery.bootsteps", "message": "| Consumer: Closing Connection...", "lineno": 259}
{"timestamp": "2026-05-12 08:45:05", "level": "DEBUG", "logger": "celery.bootsteps", "message": "| Consumer: Closing Events...", "lineno": 259}
{"timestamp": "2026-05-12 08:45:05", "level": "DEBUG", "logger": "celery.bootsteps", "message": "| Consumer: Closing Heart...", "lineno": 259}
{"timestamp": "2026-05-12 08:45:05", "level": "DEBUG", "logger": "celery.bootsteps", "message": "| Consumer: Closing Mingle...", "lineno": 259}
{"timestamp": "2026-05-12 08:45:05", "level": "DEBUG", "logger": "celery.bootsteps", "message": "| Consumer: Closing Tasks...", "lineno": 259}
{"timestamp": "2026-05-12 08:45:05", "level": "DEBUG", "logger": "celery.bootsteps", "message": "| Consumer: Closing Control...", "lineno": 259}
{"timestamp": "2026-05-12 08:45:05", "level": "DEBUG", "logger": "celery.bootsteps", "message": "| Consumer: Closing Gossip...", "lineno": 259}
{"timestamp": "2026-05-12 08:45:05", "level": "DEBUG", "logger": "celery.bootsteps", "message": "| Consumer: Closing event loop...", "lineno": 259}
{"timestamp": "2026-05-12 08:45:05", "level": "DEBUG", "logger": "celery.bootsteps", "message": "| Consumer: Stopping event loop...", "lineno": 259}
{"timestamp": "2026-05-12 08:45:05", "level": "DEBUG", "logger": "celery.bootsteps", "message": "| Consumer: Stopping Gossip...", "lineno": 259}
{"timestamp": "2026-05-12 08:45:05", "level": "DEBUG", "logger": "celery.bootsteps", "message": "| Consumer: Stopping Control...", "lineno": 259}
{"timestamp": "2026-05-12 08:45:05", "level": "DEBUG", "logger": "celery.bootsteps", "message": "| Consumer: Stopping Tasks...", "lineno": 259}
{"timestamp": "2026-05-12 08:45:05", "level": "DEBUG", "logger": "celery.worker.consumer.tasks", "message": "Canceling task consumer...", "lineno": 83}
{"timestamp": "2026-05-12 08:45:05", "level": "DEBUG", "logger": "celery.bootsteps", "message": "| Consumer: Stopping Mingle...", "lineno": 259}
{"timestamp": "2026-05-12 08:45:05", "level": "DEBUG", "logger": "celery.bootsteps", "message": "| Consumer: Stopping Heart...", "lineno": 259}
{"timestamp": "2026-05-12 08:45:05", "level": "DEBUG", "logger": "celery.bootsteps", "message": "| Consumer: Stopping Events...", "lineno": 259}
{"timestamp": "2026-05-12 08:45:05", "level": "DEBUG", "logger": "celery.bootsteps", "message": "| Consumer: Stopping Connection...", "lineno": 259}
{"timestamp": "2026-05-12 08:45:05", "level": "DEBUG", "logger": "celery.bootsteps", "message": "| Worker: Stopping Pool...", "lineno": 259}
{"timestamp": "2026-05-12 08:53:28", "level": "DEBUG", "logger": "celery.utils.functional", "message": "
def queue_signal_notifications(self, signal_id):
    return 1
", "lineno": 375}
{"timestamp": "2026-05-12 08:53:28", "level": "DEBUG", "logger": "celery.utils.functional", "message": "
def chord(self, header, body, partial_args=0, interval=1, countdown=2, max_retries=3, eager=4, **kwargs):
    return 1
", "lineno": 375}
{"timestamp": "2026-05-12 08:53:28", "level": "DEBUG", "logger": "celery.utils.functional", "message": "
def unlock_chord(self, group_id, callback, interval=0, max_retries=1, result=2, Result=3, GroupResult=4, result_from_tuple=5, **kwargs):
    return 1
", "lineno": 375}
{"timestamp": "2026-05-12 08:53:28", "level": "DEBUG", "logger": "celery.utils.functional", "message": "
def cleanup_old_signals(self, days=0):
    return 1
", "lineno": 375}
{"timestamp": "2026-05-12 08:53:28", "level": "DEBUG", "logger": "celery.utils.functional", "message": "
def cleanup_old_signals(self, days=0):
    return 1
", "lineno": 375}
{"timestamp": "2026-05-12 08:53:28", "level": "DEBUG", "logger": "celery.utils.functional", "message": "
def xmap(task, it):
    return 1
", "lineno": 375}
{"timestamp": "2026-05-12 08:53:28", "level": "DEBUG", "logger": "celery.utils.functional", "message": "
def generate_daily_recap(self, days=0):
    return 1
", "lineno": 375}
{"timestamp": "2026-05-12 08:53:28", "level": "DEBUG", "logger": "celery.utils.functional", "message": "
def generate_daily_recap(self, days=0):
    return 1
", "lineno": 375}
{"timestamp": "2026-05-12 08:53:28", "level": "DEBUG", "logger": "celery.utils.functional", "message": "
def chord(self, header, body, partial_args=0, interval=1, countdown=2, max_retries=3, eager=4, **kwargs):
    return 1
", "lineno": 375}
{"timestamp": "2026-05-12 08:53:28", "level": "DEBUG", "logger": "celery.utils.functional", "message": "
def xstarmap(task, it):
    return 1
", "lineno": 375}
{"timestamp": "2026-05-12 08:53:28", "level": "DEBUG", "logger": "celery.utils.functional", "message": "
def unlock_chord(self, group_id, callback, interval=0, max_retries=1, result=2, Result=3, GroupResult=4, result_from_tuple=5, **kwargs):
    return 1
", "lineno": 375}
{"timestamp": "2026-05-12 08:53:28", "level": "DEBUG", "logger": "celery.utils.functional", "message": "
def generate_signals(self):
    return 1
", "lineno": 375}
{"timestamp": "2026-05-12 08:53:28", "level": "DEBUG", "logger": "celery.utils.functional", "message": "
def generate_signals(self):
    return 1
", "lineno": 375}
{"timestamp": "2026-05-12 08:53:28", "level": "DEBUG", "logger": "celery.utils.functional", "message": "
def chunks(task, it, n):
    return 1
", "lineno": 375}
{"timestamp": "2026-05-12 08:53:28", "level": "DEBUG", "logger": "celery.utils.functional", "message": "
def xmap(task, it):
    return 1
", "lineno": 375}
{"timestamp": "2026-05-12 08:53:28", "level": "DEBUG", "logger": "celery.utils.functional", "message": "
def aggregate_signal_performance(self):
    return 1
", "lineno": 375}
{"timestamp": "2026-05-12 08:53:28", "level": "DEBUG", "logger": "celery.utils.functional", "message": "
def aggregate_signal_performance(self):
    return 1
", "lineno": 375}
{"timestamp": "2026-05-12 08:53:28", "level": "DEBUG", "logger": "celery.utils.functional", "message": "
def group(self, tasks, result, group_id, partial_args, add_to_parent=0):
    return 1
", "lineno": 375}
{"timestamp": "2026-05-12 08:53:28", "level": "DEBUG", "logger": "celery.utils.functional", "message": "
def xstarmap(task, it):
    return 1
", "lineno": 375}
{"timestamp": "2026-05-12 08:53:28", "level": "DEBUG", "logger": "celery.utils.functional", "message": "
def generate_market_summary(self, days=0):
    return 1
", "lineno": 375}
{"timestamp": "2026-05-12 08:53:28", "level": "DEBUG", "logger": "celery.utils.functional", "message": "
def backend_cleanup():
    return 1
", "lineno": 375}
{"timestamp": "2026-05-12 08:53:28", "level": "DEBUG", "logger": "celery.utils.functional", "message": "
def chunks(task, it, n):
    return 1
", "lineno": 375}
{"timestamp": "2026-05-12 08:53:28", "level": "DEBUG", "logger": "celery.utils.functional", "message": "
def generate_market_summary(self, days=0):
    return 1
", "lineno": 375}
{"timestamp": "2026-05-12 08:53:28", "level": "DEBUG", "logger": "celery.utils.functional", "message": "
def check_price_alerts(self):
    return 1
", "lineno": 375}
{"timestamp": "2026-05-12 08:53:28", "level": "DEBUG", "logger": "celery.utils.functional", "message": "
def check_price_alerts(self):
    return 1
", "lineno": 375}
{"timestamp": "2026-05-12 08:53:28", "level": "DEBUG", "logger": "celery.utils.functional", "message": "
def queue_signal_notifications(self, signal_id):
    return 1
", "lineno": 375}
{"timestamp": "2026-05-12 08:53:28", "level": "DEBUG", "logger": "celery.utils.functional", "message": "
def chain(*args, **kwargs):
    return 1
", "lineno": 375}
{"timestamp": "2026-05-12 08:53:28", "level": "DEBUG", "logger": "celery.utils.functional", "message": "
def accumulate(self, *args, **kwargs):
    return 1
", "lineno": 375}
{"timestamp": "2026-05-12 08:53:28", "level": "DEBUG", "logger": "celery.utils.functional", "message": "
def group(self, tasks, result, group_id, partial_args, add_to_parent=0):
    return 1
", "lineno": 375}
{"timestamp": "2026-05-12 08:53:28", "level": "DEBUG", "logger": "celery.utils.functional", "message": "
def backend_cleanup():
    return 1
", "lineno": 375}
{"timestamp": "2026-05-12 08:53:28", "level": "DEBUG", "logger": "celery.utils.functional", "message": "
def chain(*args, **kwargs):
    return 1
", "lineno": 375}
{"timestamp": "2026-05-12 08:53:28", "level": "DEBUG", "logger": "celery.utils.functional", "message": "
def accumulate(self, *args, **kwargs):
    return 1
", "lineno": 375}
{"timestamp": "2026-05-12 08:53:28", "level": "DEBUG", "logger": "celery.bootsteps", "message": "| Worker: Preparing bootsteps.", "lineno": 259}
{"timestamp": "2026-05-12 08:53:28", "level": "DEBUG", "logger": "celery.beat", "message": "Setting default socket timeout to 30", "lineno": 108}
{"timestamp": "2026-05-12 08:53:28", "level": "INFO", "logger": "celery.beat", "message": "beat: Starting...", "lineno": 634}
{"timestamp": "2026-05-12 08:53:28", "level": "DEBUG", "logger": "celery.bootsteps", "message": "| Worker: Building graph...", "lineno": 259}
{"timestamp": "2026-05-12 08:53:28", "level": "DEBUG", "logger": "celery.bootsteps", "message": "| Worker: New boot order: {Timer, Hub, Pool, Autoscaler, StateDB, Beat, Consumer}", "lineno": 259}
{"timestamp": "2026-05-12 08:53:28", "level": "DEBUG", "logger": "celery.bootsteps", "message": "| Consumer: Preparing bootsteps.", "lineno": 259}
{"timestamp": "2026-05-12 08:53:28", "level": "DEBUG", "logger": "celery.bootsteps", "message": "| Consumer: Building graph...", "lineno": 259}
{"timestamp": "2026-05-12 08:53:28", "level": "DEBUG", "logger": "celery.bootsteps", "message": "| Consumer: New boot order: {Connection, Events, Mingle, Gossip, Tasks, Control, Agent, Heart, DelayedDelivery, event loop}", "lineno": 259}
{"timestamp": "2026-05-12 08:53:28", "level": "DEBUG", "logger": "celery.bootsteps", "message": "| Worker: Starting Hub", "lineno": 259}
{"timestamp": "2026-05-12 08:53:28", "level": "DEBUG", "logger": "celery.bootsteps", "message": "^-- substep ok", "lineno": 117}
{"timestamp": "2026-05-12 08:53:28", "level": "DEBUG", "logger": "celery.bootsteps", "message": "| Worker: Starting Pool", "lineno": 259}
{"timestamp": "2026-05-12 08:53:28", "level": "DEBUG", "logger": "celery.beat", "message": "beat: Ticking with max interval->5.00 seconds", "lineno": 635}
{"timestamp": "2026-05-12 08:53:28", "level": "DEBUG", "logger": "celery.bootsteps", "message": "^-- substep ok", "lineno": 117}
{"timestamp": "2026-05-12 08:53:28", "level": "DEBUG", "logger": "celery.bootsteps", "message": "| Worker: Starting Consumer", "lineno": 259}
{"timestamp": "2026-05-12 08:53:28", "level": "DEBUG", "logger": "celery.beat", "message": "beat: Waking up in 5.00 seconds.", "lineno": 647}
{"timestamp": "2026-05-12 08:53:28", "level": "DEBUG", "logger": "celery.bootsteps", "message": "| Consumer: Starting Connection", "lineno": 259}
{"timestamp": "2026-05-12 08:53:28", "level": "INFO", "logger": "celery.worker.consumer.connection", "message": "Connected to redis://redis:6379/0", "lineno": 22}
{"timestamp": "2026-05-12 08:53:28", "level": "DEBUG", "logger": "celery.bootsteps", "message": "^-- substep ok", "lineno": 117}
{"timestamp": "2026-05-12 08:53:28", "level": "DEBUG", "logger": "celery.bootsteps", "message": "| Consumer: Starting Events", "lineno": 259}
{"timestamp": "2026-05-12 08:53:28", "level": "DEBUG", "logger": "celery.bootsteps", "message": "^-- substep ok", "lineno": 117}
{"timestamp": "2026-05-12 08:53:28", "level": "DEBUG", "logger": "celery.bootsteps", "message": "| Consumer: Starting Mingle", "lineno": 259}
{"timestamp": "2026-05-12 08:53:28", "level": "INFO", "logger": "celery.worker.consumer.mingle", "message": "mingle: searching for neighbors", "lineno": 40}
{"timestamp": "2026-05-12 08:53:29", "level": "INFO", "logger": "celery.worker.consumer.mingle", "message": "mingle: all alone", "lineno": 49}
{"timestamp": "2026-05-12 08:53:29", "level": "DEBUG", "logger": "celery.bootsteps", "message": "^-- substep ok", "lineno": 117}
{"timestamp": "2026-05-12 08:53:29", "level": "DEBUG", "logger": "celery.bootsteps", "message": "| Consumer: Starting Gossip", "lineno": 259}
{"timestamp": "2026-05-12 08:53:29", "level": "DEBUG", "logger": "celery.bootsteps", "message": "^-- substep ok", "lineno": 117}
{"timestamp": "2026-05-12 08:53:29", "level": "DEBUG", "logger": "celery.bootsteps", "message": "| Consumer: Starting Tasks", "lineno": 259}
{"timestamp": "2026-05-12 08:53:29", "level": "DEBUG", "logger": "celery.bootsteps", "message": "^-- substep ok", "lineno": 117}
{"timestamp": "2026-05-12 08:53:29", "level": "DEBUG", "logger": "celery.bootsteps", "message": "| Consumer: Starting Control", "lineno": 259}
{"timestamp": "2026-05-12 08:53:29", "level": "DEBUG", "logger": "celery.bootsteps", "message": "^-- substep ok", "lineno": 117}
{"timestamp": "2026-05-12 08:53:29", "level": "DEBUG", "logger": "celery.bootsteps", "message": "| Consumer: Starting Heart", "lineno": 259}
{"timestamp": "2026-05-12 08:53:29", "level": "DEBUG", "logger": "celery.bootsteps", "message": "^-- substep ok", "lineno": 117}
{"timestamp": "2026-05-12 08:53:29", "level": "DEBUG", "logger": "celery.bootsteps", "message": "| Consumer: Starting event loop", "lineno": 259}
{"timestamp": "2026-05-12 08:53:29", "level": "DEBUG", "logger": "celery.bootsteps", "message": "| Worker: Hub.register Pool...", "lineno": 259}
{"timestamp": "2026-05-12 08:53:29", "level": "INFO", "logger": "celery.apps.worker", "message": "celery@28b25764a142 ready.", "lineno": 182}
{"timestamp": "2026-05-12 08:53:33", "level": "DEBUG", "logger": "celery.beat", "message": "beat: Synchronizing schedule...", "lineno": 429}
{"timestamp": "2026-05-12 08:53:33", "level": "DEBUG", "logger": "celery.beat", "message": "beat: Waking up in 5.00 seconds.", "lineno": 647}
{"timestamp": "2026-05-12 08:53:38", "level": "DEBUG", "logger": "celery.beat", "message": "beat: Waking up in 5.00 seconds.", "lineno": 647}
{"timestamp": "2026-05-12 08:53:43", "level": "DEBUG", "logger": "celery.beat", "message": "beat: Waking up in 5.00 seconds.", "lineno": 647}
{"timestamp": "2026-05-12 08:53:48", "level": "DEBUG", "logger": "celery.beat", "message": "beat: Waking up in 5.00 seconds.", "lineno": 647}
{"timestamp": "2026-05-12 08:53:53", "level": "DEBUG", "logger": "celery.beat", "message": "beat: Waking up in 5.00 seconds.", "lineno": 647}
{"timestamp": "2026-05-12 08:53:58", "level": "DEBUG", "logger": "celery.beat", "message": "beat: Waking up in 5.00 seconds.", "lineno": 647}
{"timestamp": "2026-05-12 08:54:03", "level": "DEBUG", "logger": "celery.beat", "message": "beat: Waking up in 5.00 seconds.", "lineno": 647}
{"timestamp": "2026-05-12 08:54:08", "level": "DEBUG", "logger": "celery.beat", "message": "beat: Waking up in 5.00 seconds.", "lineno": 647}
{"timestamp": "2026-05-12 08:54:13", "level": "DEBUG", "logger": "celery.beat", "message": "beat: Waking up in 5.00 seconds.", "lineno": 647}
{"timestamp": "2026-05-12 08:54:18", "level": "DEBUG", "logger": "celery.beat", "message": "beat: Waking up in 5.00 seconds.", "lineno": 647}
{"timestamp": "2026-05-12 08:54:23", "level": "DEBUG", "logger": "celery.beat", "message": "beat: Waking up in 5.00 seconds.", "lineno": 647}
{"timestamp": "2026-05-12 08:54:28", "level": "DEBUG", "logger": "celery.beat", "message": "beat: Waking up in 5.00 seconds.", "lineno": 647}
{"timestamp": "2026-05-12 08:54:33", "level": "DEBUG", "logger": "celery.beat", "message": "beat: Waking up in 5.00 seconds.", "lineno": 647}
{"timestamp": "2026-05-12 08:54:36", "level": "DEBUG", "logger": "celery.bootsteps", "message": "| Worker: Closing Hub...", "lineno": 259}
{"timestamp": "2026-05-12 08:54:36", "level": "DEBUG", "logger": "celery.bootsteps", "message": "| Worker: Closing Pool...", "lineno": 259}
{"timestamp": "2026-05-12 08:54:36", "level": "DEBUG", "logger": "celery.bootsteps", "message": "| Worker: Closing Consumer...", "lineno": 259}
{"timestamp": "2026-05-12 08:54:36", "level": "DEBUG", "logger": "celery.bootsteps", "message": "| Worker: Stopping Consumer...", "lineno": 259}
{"timestamp": "2026-05-12 08:54:36", "level": "DEBUG", "logger": "celery.bootsteps", "message": "| Consumer: Closing Connection...", "lineno": 259}
{"timestamp": "2026-05-12 08:54:36", "level": "DEBUG", "logger": "celery.bootsteps", "message": "| Consumer: Closing Events...", "lineno": 259}
{"timestamp": "2026-05-12 08:54:36", "level": "DEBUG", "logger": "celery.bootsteps", "message": "| Consumer: Closing Mingle...", "lineno": 259}
{"timestamp": "2026-05-12 08:54:36", "level": "DEBUG", "logger": "celery.bootsteps", "message": "| Consumer: Closing Gossip...", "lineno": 259}
{"timestamp": "2026-05-12 08:54:36", "level": "DEBUG", "logger": "celery.bootsteps", "message": "| Consumer: Closing Tasks...", "lineno": 259}
{"timestamp": "2026-05-12 08:54:36", "level": "DEBUG", "logger": "celery.bootsteps", "message": "| Consumer: Closing Control...", "lineno": 259}
{"timestamp": "2026-05-12 08:54:36", "level": "DEBUG", "logger": "celery.bootsteps", "message": "| Consumer: Closing Heart...", "lineno": 259}
{"timestamp": "2026-05-12 08:54:36", "level": "DEBUG", "logger": "celery.bootsteps", "message": "| Consumer: Closing event loop...", "lineno": 259}
{"timestamp": "2026-05-12 08:54:36", "level": "DEBUG", "logger": "celery.bootsteps", "message": "| Consumer: Stopping event loop...", "lineno": 259}
{"timestamp": "2026-05-12 08:54:36", "level": "DEBUG", "logger": "celery.bootsteps", "message": "| Consumer: Stopping Heart...", "lineno": 259}
{"timestamp": "2026-05-12 08:54:36", "level": "DEBUG", "logger": "celery.bootsteps", "message": "| Consumer: Stopping Control...", "lineno": 259}
{"timestamp": "2026-05-12 08:54:36", "level": "DEBUG", "logger": "celery.bootsteps", "message": "| Consumer: Stopping Tasks...", "lineno": 259}
{"timestamp": "2026-05-12 08:54:36", "level": "DEBUG", "logger": "celery.worker.consumer.tasks", "message": "Canceling task consumer...", "lineno": 83}
{"timestamp": "2026-05-12 08:54:36", "level": "DEBUG", "logger": "celery.bootsteps", "message": "| Consumer: Stopping Gossip...", "lineno": 259}
{"timestamp": "2026-05-12 08:54:36", "level": "DEBUG", "logger": "celery.bootsteps", "message": "| Consumer: Stopping Mingle...", "lineno": 259}
{"timestamp": "2026-05-12 08:54:36", "level": "DEBUG", "logger": "celery.bootsteps", "message": "| Consumer: Stopping Events...", "lineno": 259}
{"timestamp": "2026-05-12 08:54:36", "level": "DEBUG", "logger": "celery.bootsteps", "message": "| Consumer: Stopping Connection...", "lineno": 259}
{"timestamp": "2026-05-12 08:54:36", "level": "DEBUG", "logger": "celery.bootsteps", "message": "| Worker: Stopping Pool...", "lineno": 259}
{"timestamp": "2026-05-12 08:56:47", "level": "DEBUG", "logger": "celery.utils.functional", "message": "
def queue_signal_notifications(self, signal_id):
    return 1
", "lineno": 375}
{"timestamp": "2026-05-12 08:56:47", "level": "DEBUG", "logger": "celery.utils.functional", "message": "
def chord(self, header, body, partial_args=0, interval=1, countdown=2, max_retries=3, eager=4, **kwargs):
    return 1
", "lineno": 375}
{"timestamp": "2026-05-12 08:56:47", "level": "DEBUG", "logger": "celery.utils.functional", "message": "
def unlock_chord(self, group_id, callback, interval=0, max_retries=1, result=2, Result=3, GroupResult=4, result_from_tuple=5, **kwargs):
    return 1
", "lineno": 375}
{"timestamp": "2026-05-12 08:56:47", "level": "DEBUG", "logger": "celery.utils.functional", "message": "
def cleanup_old_signals(self, days=0):
    return 1
", "lineno": 375}
{"timestamp": "2026-05-12 08:56:47", "level": "DEBUG", "logger": "celery.utils.functional", "message": "
def xmap(task, it):
    return 1
", "lineno": 375}
{"timestamp": "2026-05-12 08:56:47", "level": "DEBUG", "logger": "celery.utils.functional", "message": "
def generate_daily_recap(self, days=0):
    return 1
", "lineno": 375}
{"timestamp": "2026-05-12 08:56:47", "level": "DEBUG", "logger": "celery.utils.functional", "message": "
def xstarmap(task, it):
    return 1
", "lineno": 375}
{"timestamp": "2026-05-12 08:56:47", "level": "DEBUG", "logger": "celery.utils.functional", "message": "
def generate_signals(self):
    return 1
", "lineno": 375}
{"timestamp": "2026-05-12 08:56:47", "level": "DEBUG", "logger": "celery.utils.functional", "message": "
def chunks(task, it, n):
    return 1
", "lineno": 375}
{"timestamp": "2026-05-12 08:56:47", "level": "DEBUG", "logger": "celery.utils.functional", "message": "
def aggregate_signal_performance(self):
    return 1
", "lineno": 375}
{"timestamp": "2026-05-12 08:56:47", "level": "DEBUG", "logger": "celery.utils.functional", "message": "
def group(self, tasks, result, group_id, partial_args, add_to_parent=0):
    return 1
", "lineno": 375}
{"timestamp": "2026-05-12 08:56:47", "level": "DEBUG", "logger": "celery.utils.functional", "message": "
def backend_cleanup():
    return 1
", "lineno": 375}
{"timestamp": "2026-05-12 08:56:47", "level": "DEBUG", "logger": "celery.utils.functional", "message": "
def generate_market_summary(self, days=0):
    return 1
", "lineno": 375}
{"timestamp": "2026-05-12 08:56:47", "level": "DEBUG", "logger": "celery.utils.functional", "message": "
def check_price_alerts(self):
    return 1
", "lineno": 375}
{"timestamp": "2026-05-12 08:56:47", "level": "DEBUG", "logger": "celery.utils.functional", "message": "
def chain(*args, **kwargs):
    return 1
", "lineno": 375}
{"timestamp": "2026-05-12 08:56:47", "level": "DEBUG", "logger": "celery.utils.functional", "message": "
def accumulate(self, *args, **kwargs):
    return 1
", "lineno": 375}
{"timestamp": "2026-05-12 08:56:47", "level": "DEBUG", "logger": "celery.beat", "message": "Setting default socket timeout to 30", "lineno": 108}
{"timestamp": "2026-05-12 08:56:47", "level": "DEBUG", "logger": "celery.utils.functional", "message": "
def cleanup_old_signals(self, days=0):
    return 1
", "lineno": 375}
{"timestamp": "2026-05-12 08:56:47", "level": "INFO", "logger": "celery.beat", "message": "beat: Starting...", "lineno": 634}
{"timestamp": "2026-05-12 08:56:47", "level": "DEBUG", "logger": "celery.utils.functional", "message": "
def generate_daily_recap(self, days=0):
    return 1
", "lineno": 375}
{"timestamp": "2026-05-12 08:56:47", "level": "DEBUG", "logger": "celery.utils.functional", "message": "
def chord(self, header, body, partial_args=0, interval=1, countdown=2, max_retries=3, eager=4, **kwargs):
    return 1
", "lineno": 375}
{"timestamp": "2026-05-12 08:56:47", "level": "DEBUG", "logger": "celery.utils.functional", "message": "
def unlock_chord(self, group_id, callback, interval=0, max_retries=1, result=2, Result=3, GroupResult=4, result_from_tuple=5, **kwargs):
    return 1
", "lineno": 375}
{"timestamp": "2026-05-12 08:56:47", "level": "DEBUG", "logger": "celery.utils.functional", "message": "
def generate_signals(self):
    return 1
", "lineno": 375}
{"timestamp": "2026-05-12 08:56:47", "level": "DEBUG", "logger": "celery.utils.functional", "message": "
def xmap(task, it):
    return 1
", "lineno": 375}
{"timestamp": "2026-05-12 08:56:47", "level": "DEBUG", "logger": "celery.utils.functional", "message": "
def aggregate_signal_performance(self):
    return 1
", "lineno": 375}
{"timestamp": "2026-05-12 08:56:47", "level": "DEBUG", "logger": "celery.utils.functional", "message": "
def xstarmap(task, it):
    return 1
", "lineno": 375}
{"timestamp": "2026-05-12 08:56:47", "level": "DEBUG", "logger": "celery.utils.functional", "message": "
def generate_market_summary(self, days=0):
    return 1
", "lineno": 375}
{"timestamp": "2026-05-12 08:56:47", "level": "DEBUG", "logger": "celery.utils.functional", "message": "
def chunks(task, it, n):
    return 1
", "lineno": 375}
{"timestamp": "2026-05-12 08:56:47", "level": "DEBUG", "logger": "celery.utils.functional", "message": "
def check_price_alerts(self):
    return 1
", "lineno": 375}
{"timestamp": "2026-05-12 08:56:47", "level": "DEBUG", "logger": "celery.utils.functional", "message": "
def queue_signal_notifications(self, signal_id):
    return 1
", "lineno": 375}
{"timestamp": "2026-05-12 08:56:47", "level": "DEBUG", "logger": "celery.utils.functional", "message": "
def group(self, tasks, result, group_id, partial_args, add_to_parent=0):
    return 1
", "lineno": 375}
{"timestamp": "2026-05-12 08:56:47", "level": "DEBUG", "logger": "celery.utils.functional", "message": "
def backend_cleanup():
    return 1
", "lineno": 375}
{"timestamp": "2026-05-12 08:56:47", "level": "DEBUG", "logger": "celery.utils.functional", "message": "
def chain(*args, **kwargs):
    return 1
", "lineno": 375}
{"timestamp": "2026-05-12 08:56:47", "level": "DEBUG", "logger": "celery.utils.functional", "message": "
def accumulate(self, *args, **kwargs):
    return 1
", "lineno": 375}
{"timestamp": "2026-05-12 08:56:47", "level": "DEBUG", "logger": "celery.bootsteps", "message": "| Worker: Preparing bootsteps.", "lineno": 259}
{"timestamp": "2026-05-12 08:56:47", "level": "DEBUG", "logger": "celery.bootsteps", "message": "| Worker: Building graph...", "lineno": 259}
{"timestamp": "2026-05-12 08:56:47", "level": "DEBUG", "logger": "celery.bootsteps", "message": "| Worker: New boot order: {Beat, Timer, Hub, Pool, Autoscaler, StateDB, Consumer}", "lineno": 259}
{"timestamp": "2026-05-12 08:56:47", "level": "DEBUG", "logger": "celery.bootsteps", "message": "| Consumer: Preparing bootsteps.", "lineno": 259}
{"timestamp": "2026-05-12 08:56:47", "level": "DEBUG", "logger": "celery.bootsteps", "message": "| Consumer: Building graph...", "lineno": 259}
{"timestamp": "2026-05-12 08:56:47", "level": "DEBUG", "logger": "celery.bootsteps", "message": "| Consumer: New boot order: {Connection, Events, Mingle, Tasks, Control, Heart, DelayedDelivery, Agent, Gossip, event loop}", "lineno": 259}
{"timestamp": "2026-05-12 08:56:47", "level": "DEBUG", "logger": "celery.bootsteps", "message": "| Worker: Starting Hub", "lineno": 259}
{"timestamp": "2026-05-12 08:56:47", "level": "DEBUG", "logger": "celery.bootsteps", "message": "^-- substep ok", "lineno": 117}
{"timestamp": "2026-05-12 08:56:47", "level": "DEBUG", "logger": "celery.bootsteps", "message": "| Worker: Starting Pool", "lineno": 259}
{"timestamp": "2026-05-12 08:56:47", "level": "DEBUG", "logger": "celery.beat", "message": "beat: Ticking with max interval->5.00 seconds", "lineno": 635}
{"timestamp": "2026-05-12 08:56:47", "level": "DEBUG", "logger": "celery.beat", "message": "beat: Waking up in 5.00 seconds.", "lineno": 647}
{"timestamp": "2026-05-12 08:56:47", "level": "DEBUG", "logger": "celery.bootsteps", "message": "^-- substep ok", "lineno": 117}
{"timestamp": "2026-05-12 08:56:47", "level": "DEBUG", "logger": "celery.bootsteps", "message": "| Worker: Starting Consumer", "lineno": 259}
{"timestamp": "2026-05-12 08:56:47", "level": "DEBUG", "logger": "celery.bootsteps", "message": "| Consumer: Starting Connection", "lineno": 259}
{"timestamp": "2026-05-12 08:56:47", "level": "INFO", "logger": "celery.worker.consumer.connection", "message": "Connected to redis://redis:6379/0", "lineno": 22}
{"timestamp": "2026-05-12 08:56:47", "level": "DEBUG", "logger": "celery.bootsteps", "message": "^-- substep ok", "lineno": 117}
{"timestamp": "2026-05-12 08:56:47", "level": "DEBUG", "logger": "celery.bootsteps", "message": "| Consumer: Starting Events", "lineno": 259}
{"timestamp": "2026-05-12 08:56:47", "level": "DEBUG", "logger": "celery.bootsteps", "message": "^-- substep ok", "lineno": 117}
{"timestamp": "2026-05-12 08:56:47", "level": "DEBUG", "logger": "celery.bootsteps", "message": "| Consumer: Starting Mingle", "lineno": 259}
{"timestamp": "2026-05-12 08:56:47", "level": "INFO", "logger": "celery.worker.consumer.mingle", "message": "mingle: searching for neighbors", "lineno": 40}
{"timestamp": "2026-05-12 08:56:48", "level": "INFO", "logger": "celery.worker.consumer.mingle", "message": "mingle: all alone", "lineno": 49}
{"timestamp": "2026-05-12 08:56:48", "level": "DEBUG", "logger": "celery.bootsteps", "message": "^-- substep ok", "lineno": 117}
{"timestamp": "2026-05-12 08:56:48", "level": "DEBUG", "logger": "celery.bootsteps", "message": "| Consumer: Starting Tasks", "lineno": 259}
{"timestamp": "2026-05-12 08:56:48", "level": "DEBUG", "logger": "celery.bootsteps", "message": "^-- substep ok", "lineno": 117}
{"timestamp": "2026-05-12 08:56:48", "level": "DEBUG", "logger": "celery.bootsteps", "message": "| Consumer: Starting Control", "lineno": 259}
{"timestamp": "2026-05-12 08:56:48", "level": "DEBUG", "logger": "celery.bootsteps", "message": "^-- substep ok", "lineno": 117}
{"timestamp": "2026-05-12 08:56:48", "level": "DEBUG", "logger": "celery.bootsteps", "message": "| Consumer: Starting Heart", "lineno": 259}
{"timestamp": "2026-05-12 08:56:48", "level": "DEBUG", "logger": "celery.bootsteps", "message": "^-- substep ok", "lineno": 117}
{"timestamp": "2026-05-12 08:56:48", "level": "DEBUG", "logger": "celery.bootsteps", "message": "| Consumer: Starting Gossip", "lineno": 259}
{"timestamp": "2026-05-12 08:56:48", "level": "DEBUG", "logger": "celery.bootsteps", "message": "^-- substep ok", "lineno": 117}
{"timestamp": "2026-05-12 08:56:48", "level": "DEBUG", "logger": "celery.bootsteps", "message": "| Consumer: Starting event loop", "lineno": 259}
{"timestamp": "2026-05-12 08:56:48", "level": "DEBUG", "logger": "celery.bootsteps", "message": "| Worker: Hub.register Pool...", "lineno": 259}
{"timestamp": "2026-05-12 08:56:48", "level": "INFO", "logger": "celery.apps.worker", "message": "celery@4ac1ef7a502f ready.", "lineno": 182}
{"timestamp": "2026-05-12 08:56:52", "level": "DEBUG", "logger": "celery.beat", "message": "beat: Synchronizing schedule...", "lineno": 429}
{"timestamp": "2026-05-12 08:56:52", "level": "DEBUG", "logger": "celery.beat", "message": "beat: Waking up in 5.00 seconds.", "lineno": 647}
{"timestamp": "2026-05-12 08:56:57", "level": "DEBUG", "logger": "celery.beat", "message": "beat: Waking up in 5.00 seconds.", "lineno": 647}
{"timestamp": "2026-05-12 08:57:02", "level": "DEBUG", "logger": "celery.beat", "message": "beat: Waking up in 5.00 seconds.", "lineno": 647}
{"timestamp": "2026-05-12 08:57:07", "level": "DEBUG", "logger": "celery.beat", "message": "beat: Waking up in 5.00 seconds.", "lineno": 647}
{"timestamp": "2026-05-12 08:57:12", "level": "DEBUG", "logger": "celery.beat", "message": "beat: Waking up in 5.00 seconds.", "lineno": 647}
{"timestamp": "2026-05-12 08:57:17", "level": "DEBUG", "logger": "celery.beat", "message": "beat: Waking up in 5.00 seconds.", "lineno": 647}
{"timestamp": "2026-05-12 08:57:22", "level": "DEBUG", "logger": "celery.beat", "message": "beat: Waking up in 5.00 seconds.", "lineno": 647}
{"timestamp": "2026-05-12 08:57:27", "level": "DEBUG", "logger": "celery.beat", "message": "beat: Waking up in 5.00 seconds.", "lineno": 647}
{"timestamp": "2026-05-12 08:57:32", "level": "DEBUG", "logger": "celery.beat", "message": "beat: Waking up in 5.00 seconds.", "lineno": 647}
{"timestamp": "2026-05-12 08:57:37", "level": "DEBUG", "logger": "celery.beat", "message": "beat: Waking up in 5.00 seconds.", "lineno": 647}
{"timestamp": "2026-05-12 08:57:42", "level": "DEBUG", "logger": "celery.beat", "message": "beat: Waking up in 5.00 seconds.", "lineno": 647}
{"timestamp": "2026-05-12 08:57:47", "level": "DEBUG", "logger": "celery.beat", "message": "beat: Waking up in 5.00 seconds.", "lineno": 647}
{"timestamp": "2026-05-12 08:57:52", "level": "DEBUG", "logger": "celery.beat", "message": "beat: Waking up in 5.00 seconds.", "lineno": 647}
{"timestamp": "2026-05-12 08:57:57", "level": "DEBUG", "logger": "celery.beat", "message": "beat: Waking up in 5.00 seconds.", "lineno": 647}
{"timestamp": "2026-05-12 08:58:02", "level": "DEBUG", "logger": "celery.beat", "message": "beat: Waking up in 5.00 seconds.", "lineno": 647}
{"timestamp": "2026-05-12 08:58:07", "level": "DEBUG", "logger": "celery.beat", "message": "beat: Waking up in 5.00 seconds.", "lineno": 647}
{"timestamp": "2026-05-12 08:58:12", "level": "DEBUG", "logger": "celery.beat", "message": "beat: Waking up in 5.00 seconds.", "lineno": 647}
{"timestamp": "2026-05-12 08:58:17", "level": "DEBUG", "logger": "celery.beat", "message": "beat: Waking up in 5.00 seconds.", "lineno": 647}
{"timestamp": "2026-05-12 08:58:22", "level": "DEBUG", "logger": "celery.beat", "message": "beat: Waking up in 5.00 seconds.", "lineno": 647}
{"timestamp": "2026-05-12 08:58:27", "level": "DEBUG", "logger": "celery.beat", "message": "beat: Waking up in 5.00 seconds.", "lineno": 647}
{"timestamp": "2026-05-12 08:58:32", "level": "DEBUG", "logger": "celery.beat", "message": "beat: Waking up in 5.00 seconds.", "lineno": 647}
{"timestamp": "2026-05-12 08:58:37", "level": "DEBUG", "logger": "celery.beat", "message": "beat: Waking up in 5.00 seconds.", "lineno": 647}
{"timestamp": "2026-05-12 08:58:42", "level": "DEBUG", "logger": "celery.beat", "message": "beat: Waking up in 5.00 seconds.", "lineno": 647}
{"timestamp": "2026-05-12 08:58:47", "level": "DEBUG", "logger": "celery.beat", "message": "beat: Waking up in 5.00 seconds.", "lineno": 647}
{"timestamp": "2026-05-12 08:58:52", "level": "DEBUG", "logger": "celery.beat", "message": "beat: Waking up in 5.00 seconds.", "lineno": 647}
{"timestamp": "2026-05-12 08:58:57", "level": "DEBUG", "logger": "celery.beat", "message": "beat: Waking up in 5.00 seconds.", "lineno": 647}
{"timestamp": "2026-05-12 08:59:02", "level": "DEBUG", "logger": "celery.beat", "message": "beat: Waking up in 5.00 seconds.", "lineno": 647}
{"timestamp": "2026-05-12 08:59:07", "level": "DEBUG", "logger": "celery.beat", "message": "beat: Waking up in 5.00 seconds.", "lineno": 647}
{"timestamp": "2026-05-12 08:59:12", "level": "DEBUG", "logger": "celery.beat", "message": "beat: Waking up in 5.00 seconds.", "lineno": 647}
{"timestamp": "2026-05-12 08:59:17", "level": "DEBUG", "logger": "celery.beat", "message": "beat: Waking up in 5.00 seconds.", "lineno": 647}
{"timestamp": "2026-05-12 08:59:22", "level": "DEBUG", "logger": "celery.beat", "message": "beat: Waking up in 5.00 seconds.", "lineno": 647}
{"timestamp": "2026-05-12 08:59:27", "level": "DEBUG", "logger": "celery.beat", "message": "beat: Waking up in 5.00 seconds.", "lineno": 647}
{"timestamp": "2026-05-12 08:59:33", "level": "DEBUG", "logger": "celery.beat", "message": "beat: Waking up in 5.00 seconds.", "lineno": 647}
{"timestamp": "2026-05-12 08:59:38", "level": "DEBUG", "logger": "celery.beat", "message": "beat: Waking up in 5.00 seconds.", "lineno": 647}
{"timestamp": "2026-05-12 08:59:43", "level": "DEBUG", "logger": "celery.beat", "message": "beat: Waking up in 5.00 seconds.", "lineno": 647}
{"timestamp": "2026-05-12 08:59:48", "level": "DEBUG", "logger": "celery.beat", "message": "beat: Waking up in 5.00 seconds.", "lineno": 647}
{"timestamp": "2026-05-12 08:59:53", "level": "DEBUG", "logger": "celery.beat", "message": "beat: Synchronizing schedule...", "lineno": 429}
{"timestamp": "2026-05-12 08:59:53", "level": "DEBUG", "logger": "celery.beat", "message": "beat: Waking up in 5.00 seconds.", "lineno": 647}
{"timestamp": "2026-05-12 08:59:58", "level": "DEBUG", "logger": "celery.beat", "message": "beat: Waking up in 5.00 seconds.", "lineno": 647}
{"timestamp": "2026-05-12 09:00:03", "level": "DEBUG", "logger": "celery.beat", "message": "beat: Waking up in 5.00 seconds.", "lineno": 647}
{"timestamp": "2026-05-12 09:00:08", "level": "DEBUG", "logger": "celery.beat", "message": "beat: Waking up in 5.00 seconds.", "lineno": 647}
{"timestamp": "2026-05-12 09:00:13", "level": "DEBUG", "logger": "celery.beat", "message": "beat: Waking up in 5.00 seconds.", "lineno": 647}
{"timestamp": "2026-05-12 09:00:18", "level": "DEBUG", "logger": "celery.beat", "message": "beat: Waking up in 5.00 seconds.", "lineno": 647}
{"timestamp": "2026-05-12 09:00:23", "level": "DEBUG", "logger": "celery.beat", "message": "beat: Waking up in 5.00 seconds.", "lineno": 647}
{"timestamp": "2026-05-12 09:00:28", "level": "DEBUG", "logger": "celery.beat", "message": "beat: Waking up in 5.00 seconds.", "lineno": 647}
{"timestamp": "2026-05-12 09:00:33", "level": "DEBUG", "logger": "celery.beat", "message": "beat: Waking up in 5.00 seconds.", "lineno": 647}
{"timestamp": "2026-05-12 09:00:38", "level": "DEBUG", "logger": "celery.beat", "message": "beat: Waking up in 5.00 seconds.", "lineno": 647}
{"timestamp": "2026-05-12 09:00:43", "level": "DEBUG", "logger": "celery.beat", "message": "beat: Waking up in 5.00 seconds.", "lineno": 647}
{"timestamp": "2026-05-12 09:00:48", "level": "DEBUG", "logger": "celery.beat", "message": "beat: Waking up in 5.00 seconds.", "lineno": 647}
{"timestamp": "2026-05-12 09:00:53", "level": "DEBUG", "logger": "celery.beat", "message": "beat: Waking up in 5.00 seconds.", "lineno": 647}
{"timestamp": "2026-05-12 09:00:55", "level": "DEBUG", "logger": "celery.utils.functional", "message": "
def generate_daily_recap(self, days=0):
    return 1
", "lineno": 375}
{"timestamp": "2026-05-12 09:00:55", "level": "DEBUG", "logger": "celery.utils.functional", "message": "
def chord(self, header, body, partial_args=0, interval=1, countdown=2, max_retries=3, eager=4, **kwargs):
    return 1
", "lineno": 375}
{"timestamp": "2026-05-12 09:00:55", "level": "DEBUG", "logger": "celery.utils.functional", "message": "
def unlock_chord(self, group_id, callback, interval=0, max_retries=1, result=2, Result=3, GroupResult=4, result_from_tuple=5, **kwargs):
    return 1
", "lineno": 375}
{"timestamp": "2026-05-12 09:00:55", "level": "DEBUG", "logger": "celery.utils.functional", "message": "
def generate_signals(self):
    return 1
", "lineno": 375}
{"timestamp": "2026-05-12 09:00:55", "level": "DEBUG", "logger": "celery.utils.functional", "message": "
def xmap(task, it):
    return 1
", "lineno": 375}
{"timestamp": "2026-05-12 09:00:55", "level": "DEBUG", "logger": "celery.utils.functional", "message": "
def aggregate_signal_performance(self):
    return 1
", "lineno": 375}
{"timestamp": "2026-05-12 09:00:55", "level": "DEBUG", "logger": "celery.utils.functional", "message": "
def xstarmap(task, it):
    return 1
", "lineno": 375}
{"timestamp": "2026-05-12 09:00:55", "level": "DEBUG", "logger": "celery.utils.functional", "message": "
def generate_market_summary(self, days=0):
    return 1
", "lineno": 375}
{"timestamp": "2026-05-12 09:00:55", "level": "DEBUG", "logger": "celery.utils.functional", "message": "
def chunks(task, it, n):
    return 1
", "lineno": 375}
{"timestamp": "2026-05-12 09:00:55", "level": "DEBUG", "logger": "celery.utils.functional", "message": "
def check_price_alerts(self):
    return 1
", "lineno": 375}
{"timestamp": "2026-05-12 09:00:55", "level": "DEBUG", "logger": "celery.utils.functional", "message": "
def accumulate(self, *args, **kwargs):
    return 1
", "lineno": 375}
{"timestamp": "2026-05-12 09:00:55", "level": "DEBUG", "logger": "celery.utils.functional", "message": "
def queue_signal_notifications(self, signal_id):
    return 1
", "lineno": 375}
{"timestamp": "2026-05-12 09:00:55", "level": "DEBUG", "logger": "celery.utils.functional", "message": "
def group(self, tasks, result, group_id, partial_args, add_to_parent=0):
    return 1
", "lineno": 375}
{"timestamp": "2026-05-12 09:00:55", "level": "DEBUG", "logger": "celery.utils.functional", "message": "
def backend_cleanup():
    return 1
", "lineno": 375}
{"timestamp": "2026-05-12 09:00:55", "level": "DEBUG", "logger": "celery.utils.functional", "message": "
def chain(*args, **kwargs):
    return 1
", "lineno": 375}
{"timestamp": "2026-05-12 09:00:55", "level": "DEBUG", "logger": "celery.utils.functional", "message": "
def cleanup_old_signals(self, days=0):
    return 1
", "lineno": 375}
{"timestamp": "2026-05-12 09:00:55", "level": "DEBUG", "logger": "celery.worker.control", "message": "Heartbeat requested by remote.", "lineno": 369}
{"timestamp": "2026-05-12 09:00:58", "level": "DEBUG", "logger": "celery.beat", "message": "beat: Waking up in 5.00 seconds.", "lineno": 647}
{"timestamp": "2026-05-12 09:01:00", "level": "INFO", "logger": "celery.worker.control", "message": "Events of group {task} enabled by remote.", "lineno": 350}
{"timestamp": "2026-05-12 09:01:03", "level": "DEBUG", "logger": "celery.beat", "message": "beat: Waking up in 5.00 seconds.", "lineno": 647}
{"timestamp": "2026-05-12 09:01:08", "level": "DEBUG", "logger": "celery.beat", "message": "beat: Waking up in 5.00 seconds.", "lineno": 647}
{"timestamp": "2026-05-12 09:01:13", "level": "DEBUG", "logger": "celery.beat", "message": "beat: Waking up in 5.00 seconds.", "lineno": 647}
{"timestamp": "2026-05-12 09:01:18", "level": "DEBUG", "logger": "celery.beat", "message": "beat: Waking up in 5.00 seconds.", "lineno": 647}
{"timestamp": "2026-05-12 09:01:23", "level": "DEBUG", "logger": "celery.beat", "message": "beat: Waking up in 5.00 seconds.", "lineno": 647}
{"timestamp": "2026-05-12 09:01:28", "level": "DEBUG", "logger": "celery.beat", "message": "beat: Waking up in 5.00 seconds.", "lineno": 647}
{"timestamp": "2026-05-12 09:01:33", "level": "DEBUG", "logger": "celery.beat", "message": "beat: Waking up in 5.00 seconds.", "lineno": 647}
{"timestamp": "2026-05-12 09:01:38", "level": "DEBUG", "logger": "celery.beat", "message": "beat: Waking up in 5.00 seconds.", "lineno": 647}
{"timestamp": "2026-05-12 09:01:43", "level": "DEBUG", "logger": "celery.beat", "message": "beat: Waking up in 3.96 seconds.", "lineno": 647}
{"timestamp": "2026-05-12 09:01:47", "level": "INFO", "logger": "celery.beat", "message": "Scheduler: Sending due task check-price-alerts (alerts.tasks.check_price_alerts)", "lineno": 280}
{"timestamp": "2026-05-12 09:01:47", "level": "DEBUG", "logger": "celery.beat", "message": "alerts.tasks.check_price_alerts sent. id->e06a4c53-ec86-4589-bace-77b8c85e40d2", "lineno": 288}
{"timestamp": "2026-05-12 09:01:47", "level": "INFO", "logger": "celery.worker.strategy", "message": "Task alerts.tasks.check_price_alerts[e06a4c53-ec86-4589-bace-77b8c85e40d2] received", "lineno": 161}
{"timestamp": "2026-05-12 09:01:47", "level": "DEBUG", "logger": "celery.pool", "message": "TaskPool: Apply <function fast_trace_task at 0xffffa121d260> (args:('alerts.tasks.check_price_alerts', 'e06a4c53-ec86-4589-bace-77b8c85e40d2', {'lang': 'py', 'task': 'alerts.tasks.check_price_alerts', 'id': 'e06a4c53-ec86-4589-bace-77b8c85e40d2', 'shadow': None, 'eta': None, 'expires': None, 'group': None, 'group_index': None, 'retries': 0, 'timelimit': [None, None], 'root_id': 'e06a4c53-ec86-4589-bace-77b8c85e40d2', 'parent_id': None, 'argsrepr': '()', 'kwargsrepr': '{}', 'origin': 'gen1@148486d31e3e', 'ignore_result': False, 'replaced_task_nesting': 0, 'stamped_headers': None, 'stamps': {}, 'periodic_task_name': 'check-price-alerts', 'properties': {'correlation_id': 'e06a4c53-ec86-4589-bace-77b8c85e40d2', 'reply_to': 'f52a92e3-99d6-3996-b33d-c20d519a22d4', 'delivery_mode': 2, 'delivery_info': {'exchange': '', 'routing_key': 'celery'}, 'priority': 0, 'body_encoding': 'base64', 'delivery_tag': '8b73d05e-45c6-429d-86cb-fb8579753a96'}, 'reply_to': 'f52a92e3-99d6-3996-b33d-c20d519a22d4', 'correlation_id': 'e06a4c53-ec86-4589-bace-77b8c85e40d2', 'hostname':... kwargs:{})", "lineno": 149}
{"timestamp": "2026-05-12 09:01:47", "level": "DEBUG", "logger": "celery.beat", "message": "beat: Waking up in 5.00 seconds.", "lineno": 647}
{"timestamp": "2026-05-12 09:01:47", "level": "INFO", "logger": "celery.app.trace", "message": "Task alerts.tasks.check_price_alerts[e06a4c53-ec86-4589-bace-77b8c85e40d2] succeeded in 0.040863207999791484s: {'triggered_count': 0}", "lineno": 128}
{"timestamp": "2026-05-12 09:01:52", "level": "DEBUG", "logger": "celery.beat", "message": "beat: Waking up in 5.00 seconds.", "lineno": 647}
{"timestamp": "2026-05-12 09:01:57", "level": "DEBUG", "logger": "celery.beat", "message": "beat: Waking up in 5.00 seconds.", "lineno": 647}
{"timestamp": "2026-05-12 09:02:02", "level": "DEBUG", "logger": "celery.beat", "message": "beat: Waking up in 5.00 seconds.", "lineno": 647}
{"timestamp": "2026-05-12 09:02:07", "level": "DEBUG", "logger": "celery.beat", "message": "beat: Waking up in 5.00 seconds.", "lineno": 647}
{"timestamp": "2026-05-12 09:02:12", "level": "DEBUG", "logger": "celery.beat", "message": "beat: Waking up in 5.00 seconds.", "lineno": 647}
{"timestamp": "2026-05-12 09:02:17", "level": "DEBUG", "logger": "celery.beat", "message": "beat: Waking up in 5.00 seconds.", "lineno": 647}
{"timestamp": "2026-05-12 09:02:22", "level": "DEBUG", "logger": "celery.beat", "message": "beat: Waking up in 5.00 seconds.", "lineno": 647}
{"timestamp": "2026-05-12 09:02:27", "level": "DEBUG", "logger": "celery.beat", "message": "beat: Waking up in 5.00 seconds.", "lineno": 647}
{"timestamp": "2026-05-12 09:02:32", "level": "DEBUG", "logger": "celery.beat", "message": "beat: Waking up in 5.00 seconds.", "lineno": 647}
{"timestamp": "2026-05-12 09:02:37", "level": "DEBUG", "logger": "celery.beat", "message": "beat: Waking up in 5.00 seconds.", "lineno": 647}
{"timestamp": "2026-05-12 09:02:42", "level": "DEBUG", "logger": "celery.beat", "message": "beat: Waking up in 5.00 seconds.", "lineno": 647}
{"timestamp": "2026-05-12 09:02:47", "level": "DEBUG", "logger": "celery.beat", "message": "beat: Waking up in 5.00 seconds.", "lineno": 647}
{"timestamp": "2026-05-12 09:02:52", "level": "DEBUG", "logger": "celery.beat", "message": "beat: Waking up in 5.00 seconds.", "lineno": 647}
{"timestamp": "2026-05-12 09:02:57", "level": "DEBUG", "logger": "celery.beat", "message": "beat: Synchronizing schedule...", "lineno": 429}
{"timestamp": "2026-05-12 09:02:57", "level": "DEBUG", "logger": "celery.beat", "message": "beat: Waking up in 5.00 seconds.", "lineno": 647}
{"timestamp": "2026-05-12 09:03:02", "level": "DEBUG", "logger": "celery.beat", "message": "beat: Waking up in 5.00 seconds.", "lineno": 647}
{"timestamp": "2026-05-12 09:03:07", "level": "DEBUG", "logger": "celery.beat", "message": "beat: Waking up in 5.00 seconds.", "lineno": 647}
{"timestamp": "2026-05-12 09:03:12", "level": "DEBUG", "logger": "celery.beat", "message": "beat: Waking up in 5.00 seconds.", "lineno": 647}
{"timestamp": "2026-05-12 09:03:17", "level": "DEBUG", "logger": "celery.beat", "message": "beat: Waking up in 5.00 seconds.", "lineno": 647}
{"timestamp": "2026-05-12 09:03:22", "level": "DEBUG", "logger": "celery.beat", "message": "beat: Waking up in 5.00 seconds.", "lineno": 647}
{"timestamp": "2026-05-12 09:03:27", "level": "DEBUG", "logger": "celery.beat", "message": "beat: Waking up in 5.00 seconds.", "lineno": 647}
{"timestamp": "2026-05-12 09:03:32", "level": "DEBUG", "logger": "celery.beat", "message": "beat: Waking up in 5.00 seconds.", "lineno": 647}
{"timestamp": "2026-05-12 09:03:37", "level": "DEBUG", "logger": "celery.beat", "message": "beat: Waking up in 5.00 seconds.", "lineno": 647}
{"timestamp": "2026-05-12 09:03:42", "level": "DEBUG", "logger": "celery.beat", "message": "beat: Waking up in 5.00 seconds.", "lineno": 647}
{"timestamp": "2026-05-12 09:03:47", "level": "DEBUG", "logger": "celery.beat", "message": "beat: Waking up in 5.00 seconds.", "lineno": 647}
{"timestamp": "2026-05-12 09:03:52", "level": "DEBUG", "logger": "celery.beat", "message": "beat: Waking up in 5.00 seconds.", "lineno": 647}
{"timestamp": "2026-05-12 09:03:57", "level": "DEBUG", "logger": "celery.beat", "message": "beat: Waking up in 5.00 seconds.", "lineno": 647}
{"timestamp": "2026-05-12 09:04:02", "level": "DEBUG", "logger": "celery.beat", "message": "beat: Waking up in 5.00 seconds.", "lineno": 647}
{"timestamp": "2026-05-12 09:04:08", "level": "DEBUG", "logger": "celery.beat", "message": "beat: Waking up in 5.00 seconds.", "lineno": 647}
{"timestamp": "2026-05-12 09:04:13", "level": "DEBUG", "logger": "celery.beat", "message": "beat: Waking up in 5.00 seconds.", "lineno": 647}
{"timestamp": "2026-05-12 09:04:18", "level": "DEBUG", "logger": "celery.beat", "message": "beat: Waking up in 5.00 seconds.", "lineno": 647}
{"timestamp": "2026-05-12 09:04:23", "level": "DEBUG", "logger": "celery.beat", "message": "beat: Waking up in 5.00 seconds.", "lineno": 647}
{"timestamp": "2026-05-12 09:04:25", "level": "DEBUG", "logger": "celery.bootsteps", "message": "| Worker: Closing Hub...", "lineno": 259}
{"timestamp": "2026-05-12 09:04:25", "level": "DEBUG", "logger": "celery.bootsteps", "message": "| Worker: Closing Pool...", "lineno": 259}
{"timestamp": "2026-05-12 09:04:25", "level": "DEBUG", "logger": "celery.bootsteps", "message": "| Worker: Closing Consumer...", "lineno": 259}
{"timestamp": "2026-05-12 09:04:25", "level": "DEBUG", "logger": "celery.bootsteps", "message": "| Worker: Stopping Consumer...", "lineno": 259}
{"timestamp": "2026-05-12 09:04:25", "level": "DEBUG", "logger": "celery.bootsteps", "message": "| Consumer: Closing Connection...", "lineno": 259}
{"timestamp": "2026-05-12 09:04:25", "level": "DEBUG", "logger": "celery.bootsteps", "message": "| Consumer: Closing Events...", "lineno": 259}
{"timestamp": "2026-05-12 09:04:25", "level": "DEBUG", "logger": "celery.bootsteps", "message": "| Consumer: Closing Mingle...", "lineno": 259}
{"timestamp": "2026-05-12 09:04:25", "level": "DEBUG", "logger": "celery.bootsteps", "message": "| Consumer: Closing Tasks...", "lineno": 259}
{"timestamp": "2026-05-12 09:04:25", "level": "DEBUG", "logger": "celery.bootsteps", "message": "| Consumer: Closing Control...", "lineno": 259}
{"timestamp": "2026-05-12 09:04:25", "level": "DEBUG", "logger": "celery.bootsteps", "message": "| Consumer: Closing Heart...", "lineno": 259}
{"timestamp": "2026-05-12 09:04:25", "level": "DEBUG", "logger": "celery.bootsteps", "message": "| Consumer: Closing Gossip...", "lineno": 259}
{"timestamp": "2026-05-12 09:04:25", "level": "DEBUG", "logger": "celery.bootsteps", "message": "| Consumer: Closing event loop...", "lineno": 259}
{"timestamp": "2026-05-12 09:04:25", "level": "DEBUG", "logger": "celery.bootsteps", "message": "| Consumer: Stopping event loop...", "lineno": 259}
{"timestamp": "2026-05-12 09:04:25", "level": "DEBUG", "logger": "celery.bootsteps", "message": "| Consumer: Stopping Gossip...", "lineno": 259}
{"timestamp": "2026-05-12 09:04:25", "level": "DEBUG", "logger": "celery.bootsteps", "message": "| Consumer: Stopping Heart...", "lineno": 259}
{"timestamp": "2026-05-12 09:04:25", "level": "DEBUG", "logger": "celery.bootsteps", "message": "| Consumer: Stopping Control...", "lineno": 259}
{"timestamp": "2026-05-12 09:04:25", "level": "DEBUG", "logger": "celery.bootsteps", "message": "| Consumer: Stopping Tasks...", "lineno": 259}
{"timestamp": "2026-05-12 09:04:25", "level": "DEBUG", "logger": "celery.worker.consumer.tasks", "message": "Canceling task consumer...", "lineno": 83}
{"timestamp": "2026-05-12 09:04:25", "level": "DEBUG", "logger": "celery.bootsteps", "message": "| Consumer: Stopping Mingle...", "lineno": 259}
{"timestamp": "2026-05-12 09:04:25", "level": "DEBUG", "logger": "celery.bootsteps", "message": "| Consumer: Stopping Events...", "lineno": 259}
{"timestamp": "2026-05-12 09:04:25", "level": "DEBUG", "logger": "celery.bootsteps", "message": "| Consumer: Stopping Connection...", "lineno": 259}
{"timestamp": "2026-05-12 09:04:25", "level": "DEBUG", "logger": "celery.bootsteps", "message": "| Worker: Stopping Pool...", "lineno": 259}
{"timestamp": "2026-05-12 09:04:37", "level": "DEBUG", "logger": "celery.utils.functional", "message": "
def generate_daily_recap(self, days=0):
    return 1
", "lineno": 375}
{"timestamp": "2026-05-12 09:04:37", "level": "DEBUG", "logger": "celery.utils.functional", "message": "
def chord(self, header, body, partial_args=0, interval=1, countdown=2, max_retries=3, eager=4, **kwargs):
    return 1
", "lineno": 375}
{"timestamp": "2026-05-12 09:04:37", "level": "DEBUG", "logger": "celery.utils.functional", "message": "
def unlock_chord(self, group_id, callback, interval=0, max_retries=1, result=2, Result=3, GroupResult=4, result_from_tuple=5, **kwargs):
    return 1
", "lineno": 375}
{"timestamp": "2026-05-12 09:04:37", "level": "DEBUG", "logger": "celery.utils.functional", "message": "
def generate_signals(self):
    return 1
", "lineno": 375}
{"timestamp": "2026-05-12 09:04:37", "level": "DEBUG", "logger": "celery.utils.functional", "message": "
def xmap(task, it):
    return 1
", "lineno": 375}
{"timestamp": "2026-05-12 09:04:37", "level": "DEBUG", "logger": "celery.utils.functional", "message": "
def aggregate_signal_performance(self):
    return 1
", "lineno": 375}
{"timestamp": "2026-05-12 09:04:37", "level": "DEBUG", "logger": "celery.utils.functional", "message": "
def xstarmap(task, it):
    return 1
", "lineno": 375}
{"timestamp": "2026-05-12 09:04:37", "level": "DEBUG", "logger": "celery.utils.functional", "message": "
def generate_market_summary(self, days=0):
    return 1
", "lineno": 375}
{"timestamp": "2026-05-12 09:04:37", "level": "DEBUG", "logger": "celery.utils.functional", "message": "
def chunks(task, it, n):
    return 1
", "lineno": 375}
{"timestamp": "2026-05-12 09:04:37", "level": "DEBUG", "logger": "celery.utils.functional", "message": "
def check_price_alerts(self):
    return 1
", "lineno": 375}
{"timestamp": "2026-05-12 09:04:37", "level": "DEBUG", "logger": "celery.utils.functional", "message": "
def accumulate(self, *args, **kwargs):
    return 1
", "lineno": 375}
{"timestamp": "2026-05-12 09:04:37", "level": "DEBUG", "logger": "celery.utils.functional", "message": "
def queue_signal_notifications(self, signal_id):
    return 1
", "lineno": 375}
{"timestamp": "2026-05-12 09:04:37", "level": "DEBUG", "logger": "celery.utils.functional", "message": "
def group(self, tasks, result, group_id, partial_args, add_to_parent=0):
    return 1
", "lineno": 375}
{"timestamp": "2026-05-12 09:04:37", "level": "DEBUG", "logger": "celery.utils.functional", "message": "
def backend_cleanup():
    return 1
", "lineno": 375}
{"timestamp": "2026-05-12 09:04:37", "level": "DEBUG", "logger": "celery.utils.functional", "message": "
def chain(*args, **kwargs):
    return 1
", "lineno": 375}
{"timestamp": "2026-05-12 09:04:37", "level": "DEBUG", "logger": "celery.utils.functional", "message": "
def cleanup_old_signals(self, days=0):
    return 1
", "lineno": 375}
{"timestamp": "2026-05-12 09:04:43", "level": "DEBUG", "logger": "celery.utils.functional", "message": "
def cleanup_old_signals(self, days=0):
    return 1
", "lineno": 375}
{"timestamp": "2026-05-12 09:04:43", "level": "DEBUG", "logger": "celery.utils.functional", "message": "
def generate_daily_recap(self, days=0):
    return 1
", "lineno": 375}
{"timestamp": "2026-05-12 09:04:43", "level": "DEBUG", "logger": "celery.utils.functional", "message": "
def chord(self, header, body, partial_args=0, interval=1, countdown=2, max_retries=3, eager=4, **kwargs):
    return 1
", "lineno": 375}
{"timestamp": "2026-05-12 09:04:43", "level": "DEBUG", "logger": "celery.utils.functional", "message": "
def unlock_chord(self, group_id, callback, interval=0, max_retries=1, result=2, Result=3, GroupResult=4, result_from_tuple=5, **kwargs):
    return 1
", "lineno": 375}
{"timestamp": "2026-05-12 09:04:43", "level": "DEBUG", "logger": "celery.utils.functional", "message": "
def generate_signals(self):
    return 1
", "lineno": 375}
{"timestamp": "2026-05-12 09:04:43", "level": "DEBUG", "logger": "celery.utils.functional", "message": "
def xmap(task, it):
    return 1
", "lineno": 375}
{"timestamp": "2026-05-12 09:04:43", "level": "DEBUG", "logger": "celery.utils.functional", "message": "
def aggregate_signal_performance(self):
    return 1
", "lineno": 375}
{"timestamp": "2026-05-12 09:04:43", "level": "DEBUG", "logger": "celery.utils.functional", "message": "
def queue_signal_notifications(self, signal_id):
    return 1
", "lineno": 375}
{"timestamp": "2026-05-12 09:04:43", "level": "DEBUG", "logger": "celery.utils.functional", "message": "
def xstarmap(task, it):
    return 1
", "lineno": 375}
{"timestamp": "2026-05-12 09:04:43", "level": "DEBUG", "logger": "celery.utils.functional", "message": "
def chord(self, header, body, partial_args=0, interval=1, countdown=2, max_retries=3, eager=4, **kwargs):
    return 1
", "lineno": 375}
{"timestamp": "2026-05-12 09:04:43", "level": "DEBUG", "logger": "celery.utils.functional", "message": "
def generate_market_summary(self, days=0):
    return 1
", "lineno": 375}
{"timestamp": "2026-05-12 09:04:43", "level": "DEBUG", "logger": "celery.utils.functional", "message": "
def unlock_chord(self, group_id, callback, interval=0, max_retries=1, result=2, Result=3, GroupResult=4, result_from_tuple=5, **kwargs):
    return 1
", "lineno": 375}
{"timestamp": "2026-05-12 09:04:43", "level": "DEBUG", "logger": "celery.utils.functional", "message": "
def chunks(task, it, n):
    return 1
", "lineno": 375}
{"timestamp": "2026-05-12 09:04:43", "level": "DEBUG", "logger": "celery.utils.functional", "message": "
def cleanup_old_signals(self, days=0):
    return 1
", "lineno": 375}
{"timestamp": "2026-05-12 09:04:43", "level": "DEBUG", "logger": "celery.utils.functional", "message": "
def check_price_alerts(self):
    return 1
", "lineno": 375}
{"timestamp": "2026-05-12 09:04:43", "level": "DEBUG", "logger": "celery.utils.functional", "message": "
def xmap(task, it):
    return 1
", "lineno": 375}
{"timestamp": "2026-05-12 09:04:43", "level": "DEBUG", "logger": "celery.utils.functional", "message": "
def queue_signal_notifications(self, signal_id):
    return 1
", "lineno": 375}
{"timestamp": "2026-05-12 09:04:43", "level": "DEBUG", "logger": "celery.utils.functional", "message": "
def group(self, tasks, result, group_id, partial_args, add_to_parent=0):
    return 1
", "lineno": 375}
{"timestamp": "2026-05-12 09:04:43", "level": "DEBUG", "logger": "celery.utils.functional", "message": "
def generate_daily_recap(self, days=0):
    return 1
", "lineno": 375}
{"timestamp": "2026-05-12 09:04:43", "level": "DEBUG", "logger": "celery.utils.functional", "message": "
def backend_cleanup():
    return 1
", "lineno": 375}
{"timestamp": "2026-05-12 09:04:43", "level": "DEBUG", "logger": "celery.utils.functional", "message": "
def xstarmap(task, it):
    return 1
", "lineno": 375}
{"timestamp": "2026-05-12 09:04:43", "level": "DEBUG", "logger": "celery.utils.functional", "message": "
def chain(*args, **kwargs):
    return 1
", "lineno": 375}
{"timestamp": "2026-05-12 09:04:43", "level": "DEBUG", "logger": "celery.utils.functional", "message": "
def generate_signals(self):
    return 1
", "lineno": 375}
{"timestamp": "2026-05-12 09:04:43", "level": "DEBUG", "logger": "celery.utils.functional", "message": "
def accumulate(self, *args, **kwargs):
    return 1
", "lineno": 375}
{"timestamp": "2026-05-12 09:04:43", "level": "DEBUG", "logger": "celery.utils.functional", "message": "
def chunks(task, it, n):
    return 1
", "lineno": 375}
{"timestamp": "2026-05-12 09:04:43", "level": "DEBUG", "logger": "celery.utils.functional", "message": "
def aggregate_signal_performance(self):
    return 1
", "lineno": 375}
{"timestamp": "2026-05-12 09:04:43", "level": "DEBUG", "logger": "celery.utils.functional", "message": "
def group(self, tasks, result, group_id, partial_args, add_to_parent=0):
    return 1
", "lineno": 375}
{"timestamp": "2026-05-12 09:04:43", "level": "DEBUG", "logger": "celery.utils.functional", "message": "
def backend_cleanup():
    return 1
", "lineno": 375}
{"timestamp": "2026-05-12 09:04:43", "level": "DEBUG", "logger": "celery.utils.functional", "message": "
def generate_market_summary(self, days=0):
    return 1
", "lineno": 375}
{"timestamp": "2026-05-12 09:04:43", "level": "DEBUG", "logger": "celery.utils.functional", "message": "
def check_price_alerts(self):
    return 1
", "lineno": 375}
{"timestamp": "2026-05-12 09:04:43", "level": "DEBUG", "logger": "celery.utils.functional", "message": "
def chain(*args, **kwargs):
    return 1
", "lineno": 375}
{"timestamp": "2026-05-12 09:04:43", "level": "DEBUG", "logger": "celery.utils.functional", "message": "
def accumulate(self, *args, **kwargs):
    return 1
", "lineno": 375}
{"timestamp": "2026-05-12 09:04:43", "level": "DEBUG", "logger": "celery.bootsteps", "message": "| Worker: Preparing bootsteps.", "lineno": 259}
{"timestamp": "2026-05-12 09:04:43", "level": "DEBUG", "logger": "celery.bootsteps", "message": "| Worker: Building graph...", "lineno": 259}
{"timestamp": "2026-05-12 09:04:43", "level": "DEBUG", "logger": "celery.bootsteps", "message": "| Worker: New boot order: {Timer, Hub, Pool, Autoscaler, StateDB, Beat, Consumer}", "lineno": 259}
{"timestamp": "2026-05-12 09:04:43", "level": "DEBUG", "logger": "celery.beat", "message": "Setting default socket timeout to 30", "lineno": 108}
{"timestamp": "2026-05-12 09:04:43", "level": "INFO", "logger": "celery.beat", "message": "beat: Starting...", "lineno": 634}
{"timestamp": "2026-05-12 09:04:43", "level": "DEBUG", "logger": "celery.bootsteps", "message": "| Consumer: Preparing bootsteps.", "lineno": 259}
{"timestamp": "2026-05-12 09:04:43", "level": "DEBUG", "logger": "celery.bootsteps", "message": "| Consumer: Building graph...", "lineno": 259}
{"timestamp": "2026-05-12 09:04:43", "level": "DEBUG", "logger": "celery.bootsteps", "message": "| Consumer: New boot order: {Connection, Events, Mingle, Gossip, Heart, Agent, Tasks, DelayedDelivery, Control, event loop}", "lineno": 259}
{"timestamp": "2026-05-12 09:04:43", "level": "DEBUG", "logger": "celery.bootsteps", "message": "| Worker: Starting Hub", "lineno": 259}
{"timestamp": "2026-05-12 09:04:43", "level": "DEBUG", "logger": "celery.bootsteps", "message": "^-- substep ok", "lineno": 117}
{"timestamp": "2026-05-12 09:04:43", "level": "DEBUG", "logger": "celery.bootsteps", "message": "| Worker: Starting Pool", "lineno": 259}
{"timestamp": "2026-05-12 09:04:43", "level": "DEBUG", "logger": "celery.beat", "message": "beat: Ticking with max interval->5.00 seconds", "lineno": 635}
{"timestamp": "2026-05-12 09:04:43", "level": "DEBUG", "logger": "celery.bootsteps", "message": "^-- substep ok", "lineno": 117}
{"timestamp": "2026-05-12 09:04:43", "level": "DEBUG", "logger": "celery.bootsteps", "message": "| Worker: Starting Consumer", "lineno": 259}
{"timestamp": "2026-05-12 09:04:43", "level": "DEBUG", "logger": "celery.bootsteps", "message": "| Consumer: Starting Connection", "lineno": 259}
{"timestamp": "2026-05-12 09:04:43", "level": "INFO", "logger": "celery.worker.consumer.connection", "message": "Connected to redis://redis:6379/0", "lineno": 22}
{"timestamp": "2026-05-12 09:04:43", "level": "DEBUG", "logger": "celery.bootsteps", "message": "^-- substep ok", "lineno": 117}
{"timestamp": "2026-05-12 09:04:43", "level": "DEBUG", "logger": "celery.bootsteps", "message": "| Consumer: Starting Events", "lineno": 259}
{"timestamp": "2026-05-12 09:04:43", "level": "DEBUG", "logger": "celery.bootsteps", "message": "^-- substep ok", "lineno": 117}
{"timestamp": "2026-05-12 09:04:43", "level": "DEBUG", "logger": "celery.bootsteps", "message": "| Consumer: Starting Mingle", "lineno": 259}
{"timestamp": "2026-05-12 09:04:43", "level": "INFO", "logger": "celery.worker.consumer.mingle", "message": "mingle: searching for neighbors", "lineno": 40}
{"timestamp": "2026-05-12 09:04:43", "level": "DEBUG", "logger": "celery.beat", "message": "beat: Waking up in 5.00 seconds.", "lineno": 647}
{"timestamp": "2026-05-12 09:04:44", "level": "INFO", "logger": "celery.worker.consumer.mingle", "message": "mingle: all alone", "lineno": 49}
{"timestamp": "2026-05-12 09:04:44", "level": "DEBUG", "logger": "celery.bootsteps", "message": "^-- substep ok", "lineno": 117}
{"timestamp": "2026-05-12 09:04:44", "level": "DEBUG", "logger": "celery.bootsteps", "message": "| Consumer: Starting Gossip", "lineno": 259}
{"timestamp": "2026-05-12 09:04:44", "level": "DEBUG", "logger": "celery.bootsteps", "message": "^-- substep ok", "lineno": 117}
{"timestamp": "2026-05-12 09:04:44", "level": "DEBUG", "logger": "celery.bootsteps", "message": "| Consumer: Starting Heart", "lineno": 259}
{"timestamp": "2026-05-12 09:04:44", "level": "DEBUG", "logger": "celery.bootsteps", "message": "^-- substep ok", "lineno": 117}
{"timestamp": "2026-05-12 09:04:44", "level": "DEBUG", "logger": "celery.bootsteps", "message": "| Consumer: Starting Tasks", "lineno": 259}
{"timestamp": "2026-05-12 09:04:44", "level": "DEBUG", "logger": "celery.bootsteps", "message": "^-- substep ok", "lineno": 117}
{"timestamp": "2026-05-12 09:04:44", "level": "DEBUG", "logger": "celery.bootsteps", "message": "| Consumer: Starting Control", "lineno": 259}
{"timestamp": "2026-05-12 09:04:44", "level": "DEBUG", "logger": "celery.bootsteps", "message": "^-- substep ok", "lineno": 117}
{"timestamp": "2026-05-12 09:04:44", "level": "DEBUG", "logger": "celery.bootsteps", "message": "| Consumer: Starting event loop", "lineno": 259}
{"timestamp": "2026-05-12 09:04:44", "level": "DEBUG", "logger": "celery.bootsteps", "message": "| Worker: Hub.register Pool...", "lineno": 259}
{"timestamp": "2026-05-12 09:04:44", "level": "INFO", "logger": "celery.apps.worker", "message": "celery@4ac1ef7a502f ready.", "lineno": 182}
{"timestamp": "2026-05-12 09:04:47", "level": "INFO", "logger": "celery.worker.control", "message": "Events of group {task} enabled by remote.", "lineno": 350}
{"timestamp": "2026-05-12 09:04:48", "level": "DEBUG", "logger": "celery.beat", "message": "beat: Synchronizing schedule...", "lineno": 429}
{"timestamp": "2026-05-12 09:04:48", "level": "DEBUG", "logger": "celery.beat", "message": "beat: Waking up in 5.00 seconds.", "lineno": 647}
{"timestamp": "2026-05-12 09:04:53", "level": "DEBUG", "logger": "celery.beat", "message": "beat: Waking up in 5.00 seconds.", "lineno": 647}
{"timestamp": "2026-05-12 09:04:58", "level": "DEBUG", "logger": "celery.beat", "message": "beat: Waking up in 5.00 seconds.", "lineno": 647}
{"timestamp": "2026-05-12 09:05:03", "level": "DEBUG", "logger": "celery.beat", "message": "beat: Waking up in 5.00 seconds.", "lineno": 647}
{"timestamp": "2026-05-12 09:05:08", "level": "DEBUG", "logger": "celery.beat", "message": "beat: Waking up in 5.00 seconds.", "lineno": 647}
{"timestamp": "2026-05-12 09:05:13", "level": "DEBUG", "logger": "celery.beat", "message": "beat: Waking up in 5.00 seconds.", "lineno": 647}
{"timestamp": "2026-05-12 09:05:18", "level": "DEBUG", "logger": "celery.beat", "message": "beat: Waking up in 5.00 seconds.", "lineno": 647}
{"timestamp": "2026-05-12 09:05:23", "level": "DEBUG", "logger": "celery.beat", "message": "beat: Waking up in 5.00 seconds.", "lineno": 647}
{"timestamp": "2026-05-12 09:05:28", "level": "DEBUG", "logger": "celery.beat", "message": "beat: Waking up in 5.00 seconds.", "lineno": 647}
{"timestamp": "2026-05-12 09:05:33", "level": "DEBUG", "logger": "celery.beat", "message": "beat: Waking up in 5.00 seconds.", "lineno": 647}
{"timestamp": "2026-05-12 09:05:38", "level": "DEBUG", "logger": "celery.beat", "message": "beat: Waking up in 5.00 seconds.", "lineno": 647}
{"timestamp": "2026-05-12 09:05:43", "level": "DEBUG", "logger": "celery.beat", "message": "beat: Waking up in 5.00 seconds.", "lineno": 647}
{"timestamp": "2026-05-12 09:05:48", "level": "DEBUG", "logger": "celery.beat", "message": "beat: Waking up in 5.00 seconds.", "lineno": 647}
{"timestamp": "2026-05-12 09:05:53", "level": "DEBUG", "logger": "celery.beat", "message": "beat: Waking up in 5.00 seconds.", "lineno": 647}
{"timestamp": "2026-05-12 09:05:58", "level": "DEBUG", "logger": "celery.beat", "message": "beat: Waking up in 5.00 seconds.", "lineno": 647}
{"timestamp": "2026-05-12 09:06:03", "level": "DEBUG", "logger": "celery.beat", "message": "beat: Waking up in 5.00 seconds.", "lineno": 647}
{"timestamp": "2026-05-12 09:06:08", "level": "DEBUG", "logger": "celery.beat", "message": "beat: Waking up in 5.00 seconds.", "lineno": 647}
{"timestamp": "2026-05-12 09:06:13", "level": "DEBUG", "logger": "celery.beat", "message": "beat: Waking up in 5.00 seconds.", "lineno": 647}
{"timestamp": "2026-05-12 09:06:18", "level": "DEBUG", "logger": "celery.beat", "message": "beat: Waking up in 5.00 seconds.", "lineno": 647}
{"timestamp": "2026-05-12 09:06:23", "level": "DEBUG", "logger": "celery.beat", "message": "beat: Waking up in 5.00 seconds.", "lineno": 647}
{"timestamp": "2026-05-12 09:06:28", "level": "DEBUG", "logger": "celery.beat", "message": "beat: Waking up in 5.00 seconds.", "lineno": 647}
{"timestamp": "2026-05-12 09:06:33", "level": "DEBUG", "logger": "celery.beat", "message": "beat: Waking up in 5.00 seconds.", "lineno": 647}
{"timestamp": "2026-05-12 09:06:38", "level": "DEBUG", "logger": "celery.beat", "message": "beat: Waking up in 5.00 seconds.", "lineno": 647}
{"timestamp": "2026-05-12 09:06:43", "level": "DEBUG", "logger": "celery.beat", "message": "beat: Waking up in 3.47 seconds.", "lineno": 647}
{"timestamp": "2026-05-12 09:06:47", "level": "INFO", "logger": "celery.beat", "message": "Scheduler: Sending due task check-price-alerts (alerts.tasks.check_price_alerts)", "lineno": 280}
{"timestamp": "2026-05-12 09:06:47", "level": "DEBUG", "logger": "celery.beat", "message": "alerts.tasks.check_price_alerts sent. id->6cb25757-0bb9-49bd-ab19-2df64d441762", "lineno": 288}
{"timestamp": "2026-05-12 09:06:47", "level": "INFO", "logger": "celery.worker.strategy", "message": "Task alerts.tasks.check_price_alerts[6cb25757-0bb9-49bd-ab19-2df64d441762] received", "lineno": 161}
{"timestamp": "2026-05-12 09:06:47", "level": "DEBUG", "logger": "celery.pool", "message": "TaskPool: Apply <function fast_trace_task at 0xffffa856d260> (args:('alerts.tasks.check_price_alerts', '6cb25757-0bb9-49bd-ab19-2df64d441762', {'lang': 'py', 'task': 'alerts.tasks.check_price_alerts', 'id': '6cb25757-0bb9-49bd-ab19-2df64d441762', 'shadow': None, 'eta': None, 'expires': None, 'group': None, 'group_index': None, 'retries': 0, 'timelimit': [None, None], 'root_id': '6cb25757-0bb9-49bd-ab19-2df64d441762', 'parent_id': None, 'argsrepr': '()', 'kwargsrepr': '{}', 'origin': 'gen1@148486d31e3e', 'ignore_result': False, 'replaced_task_nesting': 0, 'stamped_headers': None, 'stamps': {}, 'periodic_task_name': 'check-price-alerts', 'properties': {'correlation_id': '6cb25757-0bb9-49bd-ab19-2df64d441762', 'reply_to': '09af0bb9-2e0e-3a68-b9f0-f612ae17ed49', 'delivery_mode': 2, 'delivery_info': {'exchange': '', 'routing_key': 'celery'}, 'priority': 0, 'body_encoding': 'base64', 'delivery_tag': '5ed625c7-b240-45b9-b3b9-7b6fd1130115'}, 'reply_to': '09af0bb9-2e0e-3a68-b9f0-f612ae17ed49', 'correlation_id': '6cb25757-0bb9-49bd-ab19-2df64d441762', 'hostname':... kwargs:{})", "lineno": 149}
{"timestamp": "2026-05-12 09:06:47", "level": "DEBUG", "logger": "celery.beat", "message": "beat: Waking up in 5.00 seconds.", "lineno": 647}
{"timestamp": "2026-05-12 09:06:47", "level": "INFO", "logger": "celery.app.trace", "message": "Task alerts.tasks.check_price_alerts[6cb25757-0bb9-49bd-ab19-2df64d441762] succeeded in 0.0762318340002821s: {'triggered_count': 0}", "lineno": 128}
{"timestamp": "2026-05-12 09:06:52", "level": "DEBUG", "logger": "celery.beat", "message": "beat: Waking up in 5.00 seconds.", "lineno": 647}
{"timestamp": "2026-05-12 09:06:57", "level": "DEBUG", "logger": "celery.beat", "message": "beat: Waking up in 5.00 seconds.", "lineno": 647}
{"timestamp": "2026-05-12 09:07:02", "level": "DEBUG", "logger": "celery.beat", "message": "beat: Waking up in 5.00 seconds.", "lineno": 647}
{"timestamp": "2026-05-12 09:07:07", "level": "DEBUG", "logger": "celery.beat", "message": "beat: Waking up in 5.00 seconds.", "lineno": 647}
{"timestamp": "2026-05-12 09:07:12", "level": "DEBUG", "logger": "celery.beat", "message": "beat: Waking up in 5.00 seconds.", "lineno": 647}
{"timestamp": "2026-05-12 09:07:17", "level": "DEBUG", "logger": "celery.beat", "message": "beat: Waking up in 5.00 seconds.", "lineno": 647}
{"timestamp": "2026-05-12 09:07:22", "level": "DEBUG", "logger": "celery.beat", "message": "beat: Waking up in 5.00 seconds.", "lineno": 647}
{"timestamp": "2026-05-12 09:07:27", "level": "DEBUG", "logger": "celery.beat", "message": "beat: Waking up in 5.00 seconds.", "lineno": 647}
{"timestamp": "2026-05-12 09:07:32", "level": "DEBUG", "logger": "celery.beat", "message": "beat: Waking up in 5.00 seconds.", "lineno": 647}
{"timestamp": "2026-05-12 09:07:36", "level": "DEBUG", "logger": "celery.bootsteps", "message": "| Worker: Closing Hub...", "lineno": 259}
{"timestamp": "2026-05-12 09:07:36", "level": "DEBUG", "logger": "celery.bootsteps", "message": "| Worker: Closing Pool...", "lineno": 259}
{"timestamp": "2026-05-12 09:07:36", "level": "DEBUG", "logger": "celery.bootsteps", "message": "| Worker: Closing Consumer...", "lineno": 259}
{"timestamp": "2026-05-12 09:07:36", "level": "DEBUG", "logger": "celery.bootsteps", "message": "| Worker: Stopping Consumer...", "lineno": 259}
{"timestamp": "2026-05-12 09:07:36", "level": "DEBUG", "logger": "celery.bootsteps", "message": "| Consumer: Closing Connection...", "lineno": 259}
{"timestamp": "2026-05-12 09:07:36", "level": "DEBUG", "logger": "celery.bootsteps", "message": "| Consumer: Closing Events...", "lineno": 259}
{"timestamp": "2026-05-12 09:07:36", "level": "DEBUG", "logger": "celery.bootsteps", "message": "| Consumer: Closing Mingle...", "lineno": 259}
{"timestamp": "2026-05-12 09:07:36", "level": "DEBUG", "logger": "celery.bootsteps", "message": "| Consumer: Closing Gossip...", "lineno": 259}
{"timestamp": "2026-05-12 09:07:36", "level": "DEBUG", "logger": "celery.bootsteps", "message": "| Consumer: Closing Heart...", "lineno": 259}
{"timestamp": "2026-05-12 09:07:36", "level": "DEBUG", "logger": "celery.bootsteps", "message": "| Consumer: Closing Tasks...", "lineno": 259}
{"timestamp": "2026-05-12 09:07:36", "level": "DEBUG", "logger": "celery.bootsteps", "message": "| Consumer: Closing Control...", "lineno": 259}
{"timestamp": "2026-05-12 09:07:36", "level": "DEBUG", "logger": "celery.bootsteps", "message": "| Consumer: Closing event loop...", "lineno": 259}
{"timestamp": "2026-05-12 09:07:36", "level": "DEBUG", "logger": "celery.bootsteps", "message": "| Consumer: Stopping event loop...", "lineno": 259}
{"timestamp": "2026-05-12 09:07:36", "level": "DEBUG", "logger": "celery.bootsteps", "message": "| Consumer: Stopping Control...", "lineno": 259}
{"timestamp": "2026-05-12 09:07:36", "level": "DEBUG", "logger": "celery.bootsteps", "message": "| Consumer: Stopping Tasks...", "lineno": 259}
{"timestamp": "2026-05-12 09:07:36", "level": "DEBUG", "logger": "celery.worker.consumer.tasks", "message": "Canceling task consumer...", "lineno": 83}
{"timestamp": "2026-05-12 09:07:36", "level": "DEBUG", "logger": "celery.bootsteps", "message": "| Consumer: Stopping Heart...", "lineno": 259}
{"timestamp": "2026-05-12 09:07:36", "level": "DEBUG", "logger": "celery.bootsteps", "message": "| Consumer: Stopping Gossip...", "lineno": 259}
{"timestamp": "2026-05-12 09:07:36", "level": "DEBUG", "logger": "celery.bootsteps", "message": "| Consumer: Stopping Mingle...", "lineno": 259}
{"timestamp": "2026-05-12 09:07:36", "level": "DEBUG", "logger": "celery.bootsteps", "message": "| Consumer: Stopping Events...", "lineno": 259}
{"timestamp": "2026-05-12 09:07:36", "level": "DEBUG", "logger": "celery.bootsteps", "message": "| Consumer: Stopping Connection...", "lineno": 259}
{"timestamp": "2026-05-12 09:07:36", "level": "DEBUG", "logger": "celery.bootsteps", "message": "| Worker: Stopping Pool...", "lineno": 259}
{"timestamp": "2026-05-12 09:10:39", "level": "DEBUG", "logger": "celery.utils.functional", "message": "
def generate_daily_recap(self, days=0):
    return 1
", "lineno": 375}
{"timestamp": "2026-05-12 09:10:39", "level": "DEBUG", "logger": "celery.utils.functional", "message": "
def chord(self, header, body, partial_args=0, interval=1, countdown=2, max_retries=3, eager=4, **kwargs):
    return 1
", "lineno": 375}
{"timestamp": "2026-05-12 09:10:39", "level": "DEBUG", "logger": "celery.utils.functional", "message": "
def unlock_chord(self, group_id, callback, interval=0, max_retries=1, result=2, Result=3, GroupResult=4, result_from_tuple=5, **kwargs):
    return 1
", "lineno": 375}
{"timestamp": "2026-05-12 09:10:39", "level": "DEBUG", "logger": "celery.utils.functional", "message": "
def generate_signals(self):
    return 1
", "lineno": 375}
{"timestamp": "2026-05-12 09:10:39", "level": "DEBUG", "logger": "celery.utils.functional", "message": "
def xmap(task, it):
    return 1
", "lineno": 375}
{"timestamp": "2026-05-12 09:10:39", "level": "DEBUG", "logger": "celery.utils.functional", "message": "
def aggregate_signal_performance(self):
    return 1
", "lineno": 375}
{"timestamp": "2026-05-12 09:10:39", "level": "DEBUG", "logger": "celery.utils.functional", "message": "
def xstarmap(task, it):
    return 1
", "lineno": 375}
{"timestamp": "2026-05-12 09:10:39", "level": "DEBUG", "logger": "celery.utils.functional", "message": "
def generate_market_summary(self, days=0):
    return 1
", "lineno": 375}
{"timestamp": "2026-05-12 09:10:39", "level": "DEBUG", "logger": "celery.utils.functional", "message": "
def chunks(task, it, n):
    return 1
", "lineno": 375}
{"timestamp": "2026-05-12 09:10:39", "level": "DEBUG", "logger": "celery.utils.functional", "message": "
def check_price_alerts(self):
    return 1
", "lineno": 375}
{"timestamp": "2026-05-12 09:10:39", "level": "DEBUG", "logger": "celery.utils.functional", "message": "
def accumulate(self, *args, **kwargs):
    return 1
", "lineno": 375}
{"timestamp": "2026-05-12 09:10:39", "level": "DEBUG", "logger": "celery.utils.functional", "message": "
def queue_signal_notifications(self, signal_id):
    return 1
", "lineno": 375}
{"timestamp": "2026-05-12 09:10:39", "level": "DEBUG", "logger": "celery.utils.functional", "message": "
def group(self, tasks, result, group_id, partial_args, add_to_parent=0):
    return 1
", "lineno": 375}
{"timestamp": "2026-05-12 09:10:39", "level": "DEBUG", "logger": "celery.utils.functional", "message": "
def backend_cleanup():
    return 1
", "lineno": 375}
{"timestamp": "2026-05-12 09:10:39", "level": "DEBUG", "logger": "celery.utils.functional", "message": "
def chain(*args, **kwargs):
    return 1
", "lineno": 375}
{"timestamp": "2026-05-12 09:10:39", "level": "DEBUG", "logger": "celery.utils.functional", "message": "
def cleanup_old_signals(self, days=0):
    return 1
", "lineno": 375}
{"timestamp": "2026-05-12 09:10:45", "level": "DEBUG", "logger": "celery.utils.functional", "message": "
def cleanup_old_signals(self, days=0):
    return 1
", "lineno": 375}
{"timestamp": "2026-05-12 09:10:45", "level": "DEBUG", "logger": "celery.utils.functional", "message": "
def generate_daily_recap(self, days=0):
    return 1
", "lineno": 375}
{"timestamp": "2026-05-12 09:10:45", "level": "DEBUG", "logger": "celery.utils.functional", "message": "
def chord(self, header, body, partial_args=0, interval=1, countdown=2, max_retries=3, eager=4, **kwargs):
    return 1
", "lineno": 375}
{"timestamp": "2026-05-12 09:10:45", "level": "DEBUG", "logger": "celery.utils.functional", "message": "
def queue_signal_notifications(self, signal_id):
    return 1
", "lineno": 375}
{"timestamp": "2026-05-12 09:10:45", "level": "DEBUG", "logger": "celery.utils.functional", "message": "
def unlock_chord(self, group_id, callback, interval=0, max_retries=1, result=2, Result=3, GroupResult=4, result_from_tuple=5, **kwargs):
    return 1
", "lineno": 375}
{"timestamp": "2026-05-12 09:10:45", "level": "DEBUG", "logger": "celery.utils.functional", "message": "
def chord(self, header, body, partial_args=0, interval=1, countdown=2, max_retries=3, eager=4, **kwargs):
    return 1
", "lineno": 375}
{"timestamp": "2026-05-12 09:10:45", "level": "DEBUG", "logger": "celery.utils.functional", "message": "
def generate_signals(self):
    return 1
", "lineno": 375}
{"timestamp": "2026-05-12 09:10:45", "level": "DEBUG", "logger": "celery.utils.functional", "message": "
def unlock_chord(self, group_id, callback, interval=0, max_retries=1, result=2, Result=3, GroupResult=4, result_from_tuple=5, **kwargs):
    return 1
", "lineno": 375}
{"timestamp": "2026-05-12 09:10:45", "level": "DEBUG", "logger": "celery.utils.functional", "message": "
def xmap(task, it):
    return 1
", "lineno": 375}
{"timestamp": "2026-05-12 09:10:45", "level": "DEBUG", "logger": "celery.utils.functional", "message": "
def cleanup_old_signals(self, days=0):
    return 1
", "lineno": 375}
{"timestamp": "2026-05-12 09:10:45", "level": "DEBUG", "logger": "celery.utils.functional", "message": "
def aggregate_signal_performance(self):
    return 1
", "lineno": 375}
{"timestamp": "2026-05-12 09:10:45", "level": "DEBUG", "logger": "celery.utils.functional", "message": "
def xmap(task, it):
    return 1
", "lineno": 375}
{"timestamp": "2026-05-12 09:10:45", "level": "DEBUG", "logger": "celery.utils.functional", "message": "
def xstarmap(task, it):
    return 1
", "lineno": 375}
{"timestamp": "2026-05-12 09:10:45", "level": "DEBUG", "logger": "celery.utils.functional", "message": "
def generate_daily_recap(self, days=0):
    return 1
", "lineno": 375}
{"timestamp": "2026-05-12 09:10:45", "level": "DEBUG", "logger": "celery.utils.functional", "message": "
def generate_market_summary(self, days=0):
    return 1
", "lineno": 375}
{"timestamp": "2026-05-12 09:10:45", "level": "DEBUG", "logger": "celery.utils.functional", "message": "
def xstarmap(task, it):
    return 1
", "lineno": 375}
{"timestamp": "2026-05-12 09:10:45", "level": "DEBUG", "logger": "celery.utils.functional", "message": "
def chunks(task, it, n):
    return 1
", "lineno": 375}
{"timestamp": "2026-05-12 09:10:45", "level": "DEBUG", "logger": "celery.utils.functional", "message": "
def generate_signals(self):
    return 1
", "lineno": 375}
{"timestamp": "2026-05-12 09:10:45", "level": "DEBUG", "logger": "celery.utils.functional", "message": "
def check_price_alerts(self):
    return 1
", "lineno": 375}
{"timestamp": "2026-05-12 09:10:45", "level": "DEBUG", "logger": "celery.utils.functional", "message": "
def chunks(task, it, n):
    return 1
", "lineno": 375}
{"timestamp": "2026-05-12 09:10:45", "level": "DEBUG", "logger": "celery.utils.functional", "message": "
def aggregate_signal_performance(self):
    return 1
", "lineno": 375}
{"timestamp": "2026-05-12 09:10:45", "level": "DEBUG", "logger": "celery.utils.functional", "message": "
def queue_signal_notifications(self, signal_id):
    return 1
", "lineno": 375}
{"timestamp": "2026-05-12 09:10:45", "level": "DEBUG", "logger": "celery.utils.functional", "message": "
def group(self, tasks, result, group_id, partial_args, add_to_parent=0):
    return 1
", "lineno": 375}
{"timestamp": "2026-05-12 09:10:45", "level": "DEBUG", "logger": "celery.utils.functional", "message": "
def group(self, tasks, result, group_id, partial_args, add_to_parent=0):
    return 1
", "lineno": 375}
{"timestamp": "2026-05-12 09:10:45", "level": "DEBUG", "logger": "celery.utils.functional", "message": "
def backend_cleanup():
    return 1
", "lineno": 375}
{"timestamp": "2026-05-12 09:10:45", "level": "DEBUG", "logger": "celery.utils.functional", "message": "
def backend_cleanup():
    return 1
", "lineno": 375}
{"timestamp": "2026-05-12 09:10:45", "level": "DEBUG", "logger": "celery.utils.functional", "message": "
def chain(*args, **kwargs):
    return 1
", "lineno": 375}
{"timestamp": "2026-05-12 09:10:45", "level": "DEBUG", "logger": "celery.utils.functional", "message": "
def generate_market_summary(self, days=0):
    return 1
", "lineno": 375}
{"timestamp": "2026-05-12 09:10:45", "level": "DEBUG", "logger": "celery.utils.functional", "message": "
def accumulate(self, *args, **kwargs):
    return 1
", "lineno": 375}
{"timestamp": "2026-05-12 09:10:45", "level": "DEBUG", "logger": "celery.utils.functional", "message": "
def check_price_alerts(self):
    return 1
", "lineno": 375}
{"timestamp": "2026-05-12 09:10:45", "level": "DEBUG", "logger": "celery.utils.functional", "message": "
def chain(*args, **kwargs):
    return 1
", "lineno": 375}
{"timestamp": "2026-05-12 09:10:45", "level": "DEBUG", "logger": "celery.utils.functional", "message": "
def accumulate(self, *args, **kwargs):
    return 1
", "lineno": 375}
{"timestamp": "2026-05-12 09:10:45", "level": "DEBUG", "logger": "celery.beat", "message": "Setting default socket timeout to 30", "lineno": 108}
{"timestamp": "2026-05-12 09:10:45", "level": "DEBUG", "logger": "celery.bootsteps", "message": "| Worker: Preparing bootsteps.", "lineno": 259}
{"timestamp": "2026-05-12 09:10:45", "level": "INFO", "logger": "celery.beat", "message": "beat: Starting...", "lineno": 634}
{"timestamp": "2026-05-12 09:10:45", "level": "DEBUG", "logger": "celery.bootsteps", "message": "| Worker: Building graph...", "lineno": 259}
{"timestamp": "2026-05-12 09:10:45", "level": "DEBUG", "logger": "celery.bootsteps", "message": "| Worker: New boot order: {Timer, Hub, Pool, Autoscaler, StateDB, Beat, Consumer}", "lineno": 259}
{"timestamp": "2026-05-12 09:10:45", "level": "DEBUG", "logger": "celery.bootsteps", "message": "| Consumer: Preparing bootsteps.", "lineno": 259}
{"timestamp": "2026-05-12 09:10:45", "level": "DEBUG", "logger": "celery.bootsteps", "message": "| Consumer: Building graph...", "lineno": 259}
{"timestamp": "2026-05-12 09:10:45", "level": "DEBUG", "logger": "celery.bootsteps", "message": "| Consumer: New boot order: {Connection, Events, Mingle, Tasks, Control, Heart, Gossip, DelayedDelivery, Agent, event loop}", "lineno": 259}
{"timestamp": "2026-05-12 09:10:45", "level": "DEBUG", "logger": "celery.bootsteps", "message": "| Worker: Starting Hub", "lineno": 259}
{"timestamp": "2026-05-12 09:10:45", "level": "DEBUG", "logger": "celery.bootsteps", "message": "^-- substep ok", "lineno": 117}
{"timestamp": "2026-05-12 09:10:45", "level": "DEBUG", "logger": "celery.bootsteps", "message": "| Worker: Starting Pool", "lineno": 259}
{"timestamp": "2026-05-12 09:10:45", "level": "DEBUG", "logger": "celery.beat", "message": "beat: Ticking with max interval->5.00 seconds", "lineno": 635}
{"timestamp": "2026-05-12 09:10:45", "level": "DEBUG", "logger": "celery.bootsteps", "message": "^-- substep ok", "lineno": 117}
{"timestamp": "2026-05-12 09:10:45", "level": "DEBUG", "logger": "celery.bootsteps", "message": "| Worker: Starting Consumer", "lineno": 259}
{"timestamp": "2026-05-12 09:10:45", "level": "DEBUG", "logger": "celery.bootsteps", "message": "| Consumer: Starting Connection", "lineno": 259}
{"timestamp": "2026-05-12 09:10:45", "level": "INFO", "logger": "celery.worker.consumer.connection", "message": "Connected to redis://redis:6379/0", "lineno": 22}
{"timestamp": "2026-05-12 09:10:45", "level": "DEBUG", "logger": "celery.bootsteps", "message": "^-- substep ok", "lineno": 117}
{"timestamp": "2026-05-12 09:10:45", "level": "DEBUG", "logger": "celery.bootsteps", "message": "| Consumer: Starting Events", "lineno": 259}
{"timestamp": "2026-05-12 09:10:45", "level": "DEBUG", "logger": "celery.bootsteps", "message": "^-- substep ok", "lineno": 117}
{"timestamp": "2026-05-12 09:10:45", "level": "DEBUG", "logger": "celery.bootsteps", "message": "| Consumer: Starting Mingle", "lineno": 259}
{"timestamp": "2026-05-12 09:10:45", "level": "INFO", "logger": "celery.worker.consumer.mingle", "message": "mingle: searching for neighbors", "lineno": 40}
{"timestamp": "2026-05-12 09:10:45", "level": "DEBUG", "logger": "celery.beat", "message": "beat: Waking up in 5.00 seconds.", "lineno": 647}
{"timestamp": "2026-05-12 09:10:46", "level": "INFO", "logger": "celery.worker.consumer.mingle", "message": "mingle: all alone", "lineno": 49}
{"timestamp": "2026-05-12 09:10:46", "level": "DEBUG", "logger": "celery.bootsteps", "message": "^-- substep ok", "lineno": 117}
{"timestamp": "2026-05-12 09:10:46", "level": "DEBUG", "logger": "celery.bootsteps", "message": "| Consumer: Starting Tasks", "lineno": 259}
{"timestamp": "2026-05-12 09:10:46", "level": "DEBUG", "logger": "celery.bootsteps", "message": "^-- substep ok", "lineno": 117}
{"timestamp": "2026-05-12 09:10:46", "level": "DEBUG", "logger": "celery.bootsteps", "message": "| Consumer: Starting Control", "lineno": 259}
{"timestamp": "2026-05-12 09:10:46", "level": "DEBUG", "logger": "celery.bootsteps", "message": "^-- substep ok", "lineno": 117}
{"timestamp": "2026-05-12 09:10:46", "level": "DEBUG", "logger": "celery.bootsteps", "message": "| Consumer: Starting Heart", "lineno": 259}
{"timestamp": "2026-05-12 09:10:46", "level": "DEBUG", "logger": "celery.bootsteps", "message": "^-- substep ok", "lineno": 117}
{"timestamp": "2026-05-12 09:10:46", "level": "DEBUG", "logger": "celery.bootsteps", "message": "| Consumer: Starting Gossip", "lineno": 259}
{"timestamp": "2026-05-12 09:10:46", "level": "DEBUG", "logger": "celery.bootsteps", "message": "^-- substep ok", "lineno": 117}
{"timestamp": "2026-05-12 09:10:46", "level": "DEBUG", "logger": "celery.bootsteps", "message": "| Consumer: Starting event loop", "lineno": 259}
{"timestamp": "2026-05-12 09:10:46", "level": "DEBUG", "logger": "celery.bootsteps", "message": "| Worker: Hub.register Pool...", "lineno": 259}
{"timestamp": "2026-05-12 09:10:46", "level": "INFO", "logger": "celery.apps.worker", "message": "celery@1d11d0e7be8a ready.", "lineno": 182}
{"timestamp": "2026-05-12 09:10:49", "level": "INFO", "logger": "celery.worker.control", "message": "Events of group {task} enabled by remote.", "lineno": 350}
{"timestamp": "2026-05-12 09:10:50", "level": "DEBUG", "logger": "celery.beat", "message": "beat: Synchronizing schedule...", "lineno": 429}
{"timestamp": "2026-05-12 09:10:50", "level": "DEBUG", "logger": "celery.beat", "message": "beat: Waking up in 5.00 seconds.", "lineno": 647}
{"timestamp": "2026-05-12 09:10:55", "level": "DEBUG", "logger": "celery.beat", "message": "beat: Waking up in 5.00 seconds.", "lineno": 647}
{"timestamp": "2026-05-12 09:11:00", "level": "DEBUG", "logger": "celery.beat", "message": "beat: Waking up in 5.00 seconds.", "lineno": 647}
{"timestamp": "2026-05-12 09:11:05", "level": "DEBUG", "logger": "celery.beat", "message": "beat: Waking up in 5.00 seconds.", "lineno": 647}
{"timestamp": "2026-05-12 09:11:10", "level": "DEBUG", "logger": "celery.beat", "message": "beat: Waking up in 5.00 seconds.", "lineno": 647}
{"timestamp": "2026-05-12 09:11:15", "level": "DEBUG", "logger": "celery.beat", "message": "beat: Waking up in 5.00 seconds.", "lineno": 647}
{"timestamp": "2026-05-12 09:11:20", "level": "DEBUG", "logger": "celery.beat", "message": "beat: Waking up in 5.00 seconds.", "lineno": 647}
{"timestamp": "2026-05-12 09:11:25", "level": "DEBUG", "logger": "celery.beat", "message": "beat: Waking up in 5.00 seconds.", "lineno": 647}
{"timestamp": "2026-05-12 09:11:30", "level": "DEBUG", "logger": "celery.beat", "message": "beat: Waking up in 5.00 seconds.", "lineno": 647}
{"timestamp": "2026-05-12 09:11:35", "level": "DEBUG", "logger": "celery.beat", "message": "beat: Waking up in 5.00 seconds.", "lineno": 647}
{"timestamp": "2026-05-12 09:11:40", "level": "DEBUG", "logger": "celery.beat", "message": "beat: Waking up in 5.00 seconds.", "lineno": 647}
{"timestamp": "2026-05-12 09:11:45", "level": "DEBUG", "logger": "celery.beat", "message": "beat: Waking up in 1.96 seconds.", "lineno": 647}
{"timestamp": "2026-05-12 09:11:47", "level": "INFO", "logger": "celery.beat", "message": "Scheduler: Sending due task check-price-alerts (alerts.tasks.check_price_alerts)", "lineno": 280}
{"timestamp": "2026-05-12 09:11:47", "level": "DEBUG", "logger": "celery.beat", "message": "alerts.tasks.check_price_alerts sent. id->311381cb-8b5f-4719-b2d3-eef554f1b68d", "lineno": 288}
{"timestamp": "2026-05-12 09:11:47", "level": "INFO", "logger": "celery.worker.strategy", "message": "Task alerts.tasks.check_price_alerts[311381cb-8b5f-4719-b2d3-eef554f1b68d] received", "lineno": 161}
{"timestamp": "2026-05-12 09:11:47", "level": "DEBUG", "logger": "celery.pool", "message": "TaskPool: Apply <function fast_trace_task at 0xffff8acad260> (args:('alerts.tasks.check_price_alerts', '311381cb-8b5f-4719-b2d3-eef554f1b68d', {'lang': 'py', 'task': 'alerts.tasks.check_price_alerts', 'id': '311381cb-8b5f-4719-b2d3-eef554f1b68d', 'shadow': None, 'eta': None, 'expires': None, 'group': None, 'group_index': None, 'retries': 0, 'timelimit': [None, None], 'root_id': '311381cb-8b5f-4719-b2d3-eef554f1b68d', 'parent_id': None, 'argsrepr': '()', 'kwargsrepr': '{}', 'origin': 'gen1@82a8c02c8c1c', 'ignore_result': False, 'replaced_task_nesting': 0, 'stamped_headers': None, 'stamps': {}, 'periodic_task_name': 'check-price-alerts', 'properties': {'correlation_id': '311381cb-8b5f-4719-b2d3-eef554f1b68d', 'reply_to': '15e5a865-58cf-30d7-a873-1cc598598d67', 'delivery_mode': 2, 'delivery_info': {'exchange': '', 'routing_key': 'celery'}, 'priority': 0, 'body_encoding': 'base64', 'delivery_tag': '99f4cff1-e488-482c-8cb8-46f9be58b662'}, 'reply_to': '15e5a865-58cf-30d7-a873-1cc598598d67', 'correlation_id': '311381cb-8b5f-4719-b2d3-eef554f1b68d', 'hostname':... kwargs:{})", "lineno": 149}
{"timestamp": "2026-05-12 09:11:47", "level": "DEBUG", "logger": "celery.beat", "message": "beat: Waking up in 5.00 seconds.", "lineno": 647}
{"timestamp": "2026-05-12 09:11:47", "level": "INFO", "logger": "celery.app.trace", "message": "Task alerts.tasks.check_price_alerts[311381cb-8b5f-4719-b2d3-eef554f1b68d] succeeded in 0.023055749999912223s: {'triggered_count': 0}", "lineno": 128}
{"timestamp": "2026-05-12 09:11:52", "level": "DEBUG", "logger": "celery.beat", "message": "beat: Waking up in 5.00 seconds.", "lineno": 647}
{"timestamp": "2026-05-12 09:11:57", "level": "DEBUG", "logger": "celery.beat", "message": "beat: Waking up in 5.00 seconds.", "lineno": 647}
{"timestamp": "2026-05-12 09:12:02", "level": "DEBUG", "logger": "celery.beat", "message": "beat: Waking up in 5.00 seconds.", "lineno": 647}
{"timestamp": "2026-05-12 09:12:07", "level": "DEBUG", "logger": "celery.beat", "message": "beat: Waking up in 5.00 seconds.", "lineno": 647}
{"timestamp": "2026-05-12 09:12:12", "level": "DEBUG", "logger": "celery.beat", "message": "beat: Waking up in 5.00 seconds.", "lineno": 647}
{"timestamp": "2026-05-12 09:12:17", "level": "DEBUG", "logger": "celery.beat", "message": "beat: Waking up in 5.00 seconds.", "lineno": 647}
{"timestamp": "2026-05-12 09:12:22", "level": "DEBUG", "logger": "celery.beat", "message": "beat: Waking up in 5.00 seconds.", "lineno": 647}
{"timestamp": "2026-05-12 09:12:27", "level": "DEBUG", "logger": "celery.beat", "message": "beat: Waking up in 5.00 seconds.", "lineno": 647}
{"timestamp": "2026-05-12 09:12:32", "level": "DEBUG", "logger": "celery.beat", "message": "beat: Waking up in 5.00 seconds.", "lineno": 647}
{"timestamp": "2026-05-12 09:12:37", "level": "DEBUG", "logger": "celery.beat", "message": "beat: Waking up in 5.00 seconds.", "lineno": 647}
{"timestamp": "2026-05-12 09:12:42", "level": "DEBUG", "logger": "celery.beat", "message": "beat: Waking up in 5.00 seconds.", "lineno": 647}
{"timestamp": "2026-05-12 09:12:47", "level": "DEBUG", "logger": "celery.beat", "message": "beat: Waking up in 5.00 seconds.", "lineno": 647}
{"timestamp": "2026-05-12 09:12:52", "level": "DEBUG", "logger": "celery.beat", "message": "beat: Waking up in 5.00 seconds.", "lineno": 647}
{"timestamp": "2026-05-12 09:12:57", "level": "DEBUG", "logger": "celery.beat", "message": "beat: Waking up in 5.00 seconds.", "lineno": 647}
{"timestamp": "2026-05-12 09:13:02", "level": "DEBUG", "logger": "celery.beat", "message": "beat: Waking up in 5.00 seconds.", "lineno": 647}
{"timestamp": "2026-05-12 09:13:07", "level": "DEBUG", "logger": "celery.beat", "message": "beat: Waking up in 5.00 seconds.", "lineno": 647}
{"timestamp": "2026-05-12 09:13:12", "level": "DEBUG", "logger": "celery.beat", "message": "beat: Waking up in 5.00 seconds.", "lineno": 647}
{"timestamp": "2026-05-12 09:13:17", "level": "DEBUG", "logger": "celery.beat", "message": "beat: Waking up in 5.00 seconds.", "lineno": 647}
{"timestamp": "2026-05-12 09:13:22", "level": "DEBUG", "logger": "celery.beat", "message": "beat: Waking up in 5.00 seconds.", "lineno": 647}
{"timestamp": "2026-05-12 09:13:27", "level": "DEBUG", "logger": "celery.beat", "message": "beat: Waking up in 5.00 seconds.", "lineno": 647}
{"timestamp": "2026-05-12 09:13:32", "level": "DEBUG", "logger": "celery.beat", "message": "beat: Waking up in 5.00 seconds.", "lineno": 647}
{"timestamp": "2026-05-12 09:13:37", "level": "DEBUG", "logger": "celery.beat", "message": "beat: Waking up in 5.00 seconds.", "lineno": 647}
{"timestamp": "2026-05-12 09:13:42", "level": "DEBUG", "logger": "celery.beat", "message": "beat: Waking up in 5.00 seconds.", "lineno": 647}
{"timestamp": "2026-05-12 09:13:47", "level": "DEBUG", "logger": "celery.beat", "message": "beat: Waking up in 5.00 seconds.", "lineno": 647}
{"timestamp": "2026-05-12 09:13:52", "level": "DEBUG", "logger": "celery.beat", "message": "beat: Synchronizing schedule...", "lineno": 429}
{"timestamp": "2026-05-12 09:13:52", "level": "DEBUG", "logger": "celery.beat", "message": "beat: Waking up in 5.00 seconds.", "lineno": 647}
{"timestamp": "2026-05-12 09:13:57", "level": "DEBUG", "logger": "celery.beat", "message": "beat: Waking up in 5.00 seconds.", "lineno": 647}
{"timestamp": "2026-05-12 09:14:02", "level": "DEBUG", "logger": "celery.beat", "message": "beat: Waking up in 5.00 seconds.", "lineno": 647}
{"timestamp": "2026-05-12 09:14:07", "level": "DEBUG", "logger": "celery.beat", "message": "beat: Waking up in 5.00 seconds.", "lineno": 647}
{"timestamp": "2026-05-12 09:14:13", "level": "DEBUG", "logger": "celery.beat", "message": "beat: Waking up in 5.00 seconds.", "lineno": 647}
{"timestamp": "2026-05-12 09:14:18", "level": "DEBUG", "logger": "celery.beat", "message": "beat: Waking up in 5.00 seconds.", "lineno": 647}
{"timestamp": "2026-05-12 09:14:23", "level": "DEBUG", "logger": "celery.beat", "message": "beat: Waking up in 5.00 seconds.", "lineno": 647}
{"timestamp": "2026-05-12 09:14:28", "level": "DEBUG", "logger": "celery.beat", "message": "beat: Waking up in 5.00 seconds.", "lineno": 647}
{"timestamp": "2026-05-12 09:14:33", "level": "DEBUG", "logger": "celery.beat", "message": "beat: Waking up in 5.00 seconds.", "lineno": 647}
{"timestamp": "2026-05-12 09:14:38", "level": "DEBUG", "logger": "celery.beat", "message": "beat: Waking up in 5.00 seconds.", "lineno": 647}
{"timestamp": "2026-05-12 09:14:43", "level": "DEBUG", "logger": "celery.beat", "message": "beat: Waking up in 5.00 seconds.", "lineno": 647}
{"timestamp": "2026-05-12 09:14:48", "level": "DEBUG", "logger": "celery.beat", "message": "beat: Waking up in 5.00 seconds.", "lineno": 647}
{"timestamp": "2026-05-12 09:14:53", "level": "DEBUG", "logger": "celery.beat", "message": "beat: Waking up in 5.00 seconds.", "lineno": 647}
{"timestamp": "2026-05-12 09:14:58", "level": "DEBUG", "logger": "celery.beat", "message": "beat: Waking up in 5.00 seconds.", "lineno": 647}
{"timestamp": "2026-05-12 09:15:03", "level": "DEBUG", "logger": "celery.beat", "message": "beat: Waking up in 5.00 seconds.", "lineno": 647}
{"timestamp": "2026-05-12 09:15:08", "level": "DEBUG", "logger": "celery.beat", "message": "beat: Waking up in 5.00 seconds.", "lineno": 647}
{"timestamp": "2026-05-12 09:15:13", "level": "DEBUG", "logger": "celery.beat", "message": "beat: Waking up in 5.00 seconds.", "lineno": 647}
{"timestamp": "2026-05-12 09:15:18", "level": "DEBUG", "logger": "celery.beat", "message": "beat: Waking up in 5.00 seconds.", "lineno": 647}
{"timestamp": "2026-05-12 09:15:23", "level": "DEBUG", "logger": "celery.beat", "message": "beat: Waking up in 5.00 seconds.", "lineno": 647}
{"timestamp": "2026-05-12 09:15:28", "level": "DEBUG", "logger": "celery.beat", "message": "beat: Waking up in 5.00 seconds.", "lineno": 647}
{"timestamp": "2026-05-12 09:15:33", "level": "DEBUG", "logger": "celery.beat", "message": "beat: Waking up in 5.00 seconds.", "lineno": 647}
{"timestamp": "2026-05-12 09:15:38", "level": "DEBUG", "logger": "celery.beat", "message": "beat: Waking up in 5.00 seconds.", "lineno": 647}
{"timestamp": "2026-05-12 09:15:43", "level": "DEBUG", "logger": "celery.beat", "message": "beat: Waking up in 5.00 seconds.", "lineno": 647}
{"timestamp": "2026-05-12 09:15:44", "level": "DEBUG", "logger": "celery.bootsteps", "message": "| Worker: Closing Hub...", "lineno": 259}
{"timestamp": "2026-05-12 09:15:44", "level": "DEBUG", "logger": "celery.bootsteps", "message": "| Worker: Closing Pool...", "lineno": 259}
{"timestamp": "2026-05-12 09:15:44", "level": "DEBUG", "logger": "celery.bootsteps", "message": "| Worker: Closing Consumer...", "lineno": 259}
{"timestamp": "2026-05-12 09:15:44", "level": "DEBUG", "logger": "celery.bootsteps", "message": "| Worker: Stopping Consumer...", "lineno": 259}
{"timestamp": "2026-05-12 09:15:44", "level": "DEBUG", "logger": "celery.bootsteps", "message": "| Consumer: Closing Connection...", "lineno": 259}
{"timestamp": "2026-05-12 09:15:44", "level": "DEBUG", "logger": "celery.bootsteps", "message": "| Consumer: Closing Events...", "lineno": 259}
{"timestamp": "2026-05-12 09:15:44", "level": "DEBUG", "logger": "celery.bootsteps", "message": "| Consumer: Closing Mingle...", "lineno": 259}
{"timestamp": "2026-05-12 09:15:44", "level": "DEBUG", "logger": "celery.bootsteps", "message": "| Consumer: Closing Tasks...", "lineno": 259}
{"timestamp": "2026-05-12 09:15:44", "level": "DEBUG", "logger": "celery.bootsteps", "message": "| Consumer: Closing Control...", "lineno": 259}
{"timestamp": "2026-05-12 09:15:44", "level": "DEBUG", "logger": "celery.bootsteps", "message": "| Consumer: Closing Heart...", "lineno": 259}
{"timestamp": "2026-05-12 09:15:44", "level": "DEBUG", "logger": "celery.bootsteps", "message": "| Consumer: Closing Gossip...", "lineno": 259}
{"timestamp": "2026-05-12 09:15:44", "level": "DEBUG", "logger": "celery.bootsteps", "message": "| Consumer: Closing event loop...", "lineno": 259}
{"timestamp": "2026-05-12 09:15:44", "level": "DEBUG", "logger": "celery.bootsteps", "message": "| Consumer: Stopping event loop...", "lineno": 259}
{"timestamp": "2026-05-12 09:15:44", "level": "DEBUG", "logger": "celery.bootsteps", "message": "| Consumer: Stopping Gossip...", "lineno": 259}
{"timestamp": "2026-05-12 09:15:44", "level": "DEBUG", "logger": "celery.bootsteps", "message": "| Consumer: Stopping Heart...", "lineno": 259}
{"timestamp": "2026-05-12 09:15:44", "level": "DEBUG", "logger": "celery.bootsteps", "message": "| Consumer: Stopping Control...", "lineno": 259}
{"timestamp": "2026-05-12 09:15:44", "level": "DEBUG", "logger": "celery.bootsteps", "message": "| Consumer: Stopping Tasks...", "lineno": 259}
{"timestamp": "2026-05-12 09:15:44", "level": "DEBUG", "logger": "celery.worker.consumer.tasks", "message": "Canceling task consumer...", "lineno": 83}
{"timestamp": "2026-05-12 09:15:44", "level": "DEBUG", "logger": "celery.bootsteps", "message": "| Consumer: Stopping Mingle...", "lineno": 259}
{"timestamp": "2026-05-12 09:15:44", "level": "DEBUG", "logger": "celery.bootsteps", "message": "| Consumer: Stopping Events...", "lineno": 259}
{"timestamp": "2026-05-12 09:15:44", "level": "DEBUG", "logger": "celery.bootsteps", "message": "| Consumer: Stopping Connection...", "lineno": 259}
{"timestamp": "2026-05-12 09:15:44", "level": "DEBUG", "logger": "celery.bootsteps", "message": "| Worker: Stopping Pool...", "lineno": 259}
{"timestamp": "2026-05-12 09:15:54", "level": "DEBUG", "logger": "celery.utils.functional", "message": "
def generate_daily_recap(self, days=0):
    return 1
", "lineno": 375}
{"timestamp": "2026-05-12 09:15:54", "level": "DEBUG", "logger": "celery.utils.functional", "message": "
def chord(self, header, body, partial_args=0, interval=1, countdown=2, max_retries=3, eager=4, **kwargs):
    return 1
", "lineno": 375}
{"timestamp": "2026-05-12 09:15:54", "level": "DEBUG", "logger": "celery.utils.functional", "message": "
def unlock_chord(self, group_id, callback, interval=0, max_retries=1, result=2, Result=3, GroupResult=4, result_from_tuple=5, **kwargs):
    return 1
", "lineno": 375}
{"timestamp": "2026-05-12 09:15:54", "level": "DEBUG", "logger": "celery.utils.functional", "message": "
def generate_signals(self):
    return 1
", "lineno": 375}
{"timestamp": "2026-05-12 09:15:54", "level": "DEBUG", "logger": "celery.utils.functional", "message": "
def xmap(task, it):
    return 1
", "lineno": 375}
{"timestamp": "2026-05-12 09:15:54", "level": "DEBUG", "logger": "celery.utils.functional", "message": "
def aggregate_signal_performance(self):
    return 1
", "lineno": 375}
{"timestamp": "2026-05-12 09:15:54", "level": "DEBUG", "logger": "celery.utils.functional", "message": "
def xstarmap(task, it):
    return 1
", "lineno": 375}
{"timestamp": "2026-05-12 09:15:54", "level": "DEBUG", "logger": "celery.utils.functional", "message": "
def generate_market_summary(self, days=0):
    return 1
", "lineno": 375}
{"timestamp": "2026-05-12 09:15:54", "level": "DEBUG", "logger": "celery.utils.functional", "message": "
def chunks(task, it, n):
    return 1
", "lineno": 375}
{"timestamp": "2026-05-12 09:15:54", "level": "DEBUG", "logger": "celery.utils.functional", "message": "
def check_price_alerts(self):
    return 1
", "lineno": 375}
{"timestamp": "2026-05-12 09:15:54", "level": "DEBUG", "logger": "celery.utils.functional", "message": "
def accumulate(self, *args, **kwargs):
    return 1
", "lineno": 375}
{"timestamp": "2026-05-12 09:15:54", "level": "DEBUG", "logger": "celery.utils.functional", "message": "
def queue_signal_notifications(self, signal_id):
    return 1
", "lineno": 375}
{"timestamp": "2026-05-12 09:15:54", "level": "DEBUG", "logger": "celery.utils.functional", "message": "
def group(self, tasks, result, group_id, partial_args, add_to_parent=0):
    return 1
", "lineno": 375}
{"timestamp": "2026-05-12 09:15:54", "level": "DEBUG", "logger": "celery.utils.functional", "message": "
def backend_cleanup():
    return 1
", "lineno": 375}
{"timestamp": "2026-05-12 09:15:54", "level": "DEBUG", "logger": "celery.utils.functional", "message": "
def chain(*args, **kwargs):
    return 1
", "lineno": 375}
{"timestamp": "2026-05-12 09:15:54", "level": "DEBUG", "logger": "celery.utils.functional", "message": "
def cleanup_old_signals(self, days=0):
    return 1
", "lineno": 375}
{"timestamp": "2026-05-12 09:16:26", "level": "DEBUG", "logger": "celery.utils.functional", "message": "
def generate_daily_recap(self, days=0):
    return 1
", "lineno": 375}
{"timestamp": "2026-05-12 09:16:26", "level": "DEBUG", "logger": "celery.utils.functional", "message": "
def chord(self, header, body, partial_args=0, interval=1, countdown=2, max_retries=3, eager=4, **kwargs):
    return 1
", "lineno": 375}
{"timestamp": "2026-05-12 09:16:26", "level": "DEBUG", "logger": "celery.utils.functional", "message": "
def unlock_chord(self, group_id, callback, interval=0, max_retries=1, result=2, Result=3, GroupResult=4, result_from_tuple=5, **kwargs):
    return 1
", "lineno": 375}
{"timestamp": "2026-05-12 09:16:26", "level": "DEBUG", "logger": "celery.utils.functional", "message": "
def generate_signals(self):
    return 1
", "lineno": 375}
{"timestamp": "2026-05-12 09:16:26", "level": "DEBUG", "logger": "celery.utils.functional", "message": "
def xmap(task, it):
    return 1
", "lineno": 375}
{"timestamp": "2026-05-12 09:16:26", "level": "DEBUG", "logger": "celery.utils.functional", "message": "
def aggregate_signal_performance(self):
    return 1
", "lineno": 375}
{"timestamp": "2026-05-12 09:16:26", "level": "DEBUG", "logger": "celery.utils.functional", "message": "
def xstarmap(task, it):
    return 1
", "lineno": 375}
{"timestamp": "2026-05-12 09:16:26", "level": "DEBUG", "logger": "celery.utils.functional", "message": "
def generate_market_summary(self, days=0):
    return 1
", "lineno": 375}
{"timestamp": "2026-05-12 09:16:26", "level": "DEBUG", "logger": "celery.utils.functional", "message": "
def chunks(task, it, n):
    return 1
", "lineno": 375}
{"timestamp": "2026-05-12 09:16:26", "level": "DEBUG", "logger": "celery.utils.functional", "message": "
def check_price_alerts(self):
    return 1
", "lineno": 375}
{"timestamp": "2026-05-12 09:16:26", "level": "DEBUG", "logger": "celery.utils.functional", "message": "
def accumulate(self, *args, **kwargs):
    return 1
", "lineno": 375}
{"timestamp": "2026-05-12 09:16:26", "level": "DEBUG", "logger": "celery.utils.functional", "message": "
def queue_signal_notifications(self, signal_id):
    return 1
", "lineno": 375}
{"timestamp": "2026-05-12 09:16:26", "level": "DEBUG", "logger": "celery.utils.functional", "message": "
def group(self, tasks, result, group_id, partial_args, add_to_parent=0):
    return 1
", "lineno": 375}
{"timestamp": "2026-05-12 09:16:26", "level": "DEBUG", "logger": "celery.utils.functional", "message": "
def backend_cleanup():
    return 1
", "lineno": 375}
{"timestamp": "2026-05-12 09:16:26", "level": "DEBUG", "logger": "celery.utils.functional", "message": "
def chain(*args, **kwargs):
    return 1
", "lineno": 375}
{"timestamp": "2026-05-12 09:16:26", "level": "DEBUG", "logger": "celery.utils.functional", "message": "
def cleanup_old_signals(self, days=0):
    return 1
", "lineno": 375}
{"timestamp": "2026-05-12 09:16:31", "level": "DEBUG", "logger": "celery.utils.functional", "message": "
def cleanup_old_signals(self, days=0):
    return 1
", "lineno": 375}
{"timestamp": "2026-05-12 09:16:31", "level": "DEBUG", "logger": "celery.utils.functional", "message": "
def generate_daily_recap(self, days=0):
    return 1
", "lineno": 375}
{"timestamp": "2026-05-12 09:16:31", "level": "DEBUG", "logger": "celery.utils.functional", "message": "
def chord(self, header, body, partial_args=0, interval=1, countdown=2, max_retries=3, eager=4, **kwargs):
    return 1
", "lineno": 375}
{"timestamp": "2026-05-12 09:16:31", "level": "DEBUG", "logger": "celery.utils.functional", "message": "
def unlock_chord(self, group_id, callback, interval=0, max_retries=1, result=2, Result=3, GroupResult=4, result_from_tuple=5, **kwargs):
    return 1
", "lineno": 375}
{"timestamp": "2026-05-12 09:16:31", "level": "DEBUG", "logger": "celery.utils.functional", "message": "
def generate_signals(self):
    return 1
", "lineno": 375}
{"timestamp": "2026-05-12 09:16:31", "level": "DEBUG", "logger": "celery.utils.functional", "message": "
def xmap(task, it):
    return 1
", "lineno": 375}
{"timestamp": "2026-05-12 09:16:31", "level": "DEBUG", "logger": "celery.utils.functional", "message": "
def aggregate_signal_performance(self):
    return 1
", "lineno": 375}
{"timestamp": "2026-05-12 09:16:31", "level": "DEBUG", "logger": "celery.utils.functional", "message": "
def xstarmap(task, it):
    return 1
", "lineno": 375}
{"timestamp": "2026-05-12 09:16:31", "level": "DEBUG", "logger": "celery.utils.functional", "message": "
def generate_market_summary(self, days=0):
    return 1
", "lineno": 375}
{"timestamp": "2026-05-12 09:16:31", "level": "DEBUG", "logger": "celery.utils.functional", "message": "
def chunks(task, it, n):
    return 1
", "lineno": 375}
{"timestamp": "2026-05-12 09:16:31", "level": "DEBUG", "logger": "celery.utils.functional", "message": "
def check_price_alerts(self):
    return 1
", "lineno": 375}
{"timestamp": "2026-05-12 09:16:31", "level": "DEBUG", "logger": "celery.utils.functional", "message": "
def queue_signal_notifications(self, signal_id):
    return 1
", "lineno": 375}
{"timestamp": "2026-05-12 09:16:31", "level": "DEBUG", "logger": "celery.utils.functional", "message": "
def group(self, tasks, result, group_id, partial_args, add_to_parent=0):
    return 1
", "lineno": 375}
{"timestamp": "2026-05-12 09:16:31", "level": "DEBUG", "logger": "celery.utils.functional", "message": "
def backend_cleanup():
    return 1
", "lineno": 375}
{"timestamp": "2026-05-12 09:16:31", "level": "DEBUG", "logger": "celery.utils.functional", "message": "
def chain(*args, **kwargs):
    return 1
", "lineno": 375}
{"timestamp": "2026-05-12 09:16:31", "level": "DEBUG", "logger": "celery.utils.functional", "message": "
def accumulate(self, *args, **kwargs):
    return 1
", "lineno": 375}
{"timestamp": "2026-05-12 09:16:31", "level": "DEBUG", "logger": "celery.utils.functional", "message": "
def queue_signal_notifications(self, signal_id):
    return 1
", "lineno": 375}
{"timestamp": "2026-05-12 09:16:31", "level": "DEBUG", "logger": "celery.utils.functional", "message": "
def chord(self, header, body, partial_args=0, interval=1, countdown=2, max_retries=3, eager=4, **kwargs):
    return 1
", "lineno": 375}
{"timestamp": "2026-05-12 09:16:31", "level": "DEBUG", "logger": "celery.utils.functional", "message": "
def unlock_chord(self, group_id, callback, interval=0, max_retries=1, result=2, Result=3, GroupResult=4, result_from_tuple=5, **kwargs):
    return 1
", "lineno": 375}
{"timestamp": "2026-05-12 09:16:31", "level": "DEBUG", "logger": "celery.utils.functional", "message": "
def cleanup_old_signals(self, days=0):
    return 1
", "lineno": 375}
{"timestamp": "2026-05-12 09:16:31", "level": "DEBUG", "logger": "celery.utils.functional", "message": "
def xmap(task, it):
    return 1
", "lineno": 375}
{"timestamp": "2026-05-12 09:16:31", "level": "DEBUG", "logger": "celery.utils.functional", "message": "
def generate_daily_recap(self, days=0):
    return 1
", "lineno": 375}
{"timestamp": "2026-05-12 09:16:31", "level": "DEBUG", "logger": "celery.utils.functional", "message": "
def xstarmap(task, it):
    return 1
", "lineno": 375}
{"timestamp": "2026-05-12 09:16:31", "level": "DEBUG", "logger": "celery.utils.functional", "message": "
def generate_signals(self):
    return 1
", "lineno": 375}
{"timestamp": "2026-05-12 09:16:31", "level": "DEBUG", "logger": "celery.bootsteps", "message": "| Worker: Preparing bootsteps.", "lineno": 259}
{"timestamp": "2026-05-12 09:16:31", "level": "DEBUG", "logger": "celery.utils.functional", "message": "
def chunks(task, it, n):
    return 1
", "lineno": 375}
{"timestamp": "2026-05-12 09:16:31", "level": "DEBUG", "logger": "celery.utils.functional", "message": "
def aggregate_signal_performance(self):
    return 1
", "lineno": 375}
{"timestamp": "2026-05-12 09:16:31", "level": "DEBUG", "logger": "celery.bootsteps", "message": "| Worker: Building graph...", "lineno": 259}
{"timestamp": "2026-05-12 09:16:31", "level": "DEBUG", "logger": "celery.utils.functional", "message": "
def group(self, tasks, result, group_id, partial_args, add_to_parent=0):
    return 1
", "lineno": 375}
{"timestamp": "2026-05-12 09:16:31", "level": "DEBUG", "logger": "celery.bootsteps", "message": "| Worker: New boot order: {Beat, Timer, Hub, Pool, Autoscaler, StateDB, Consumer}", "lineno": 259}
{"timestamp": "2026-05-12 09:16:31", "level": "DEBUG", "logger": "celery.utils.functional", "message": "
def backend_cleanup():
    return 1
", "lineno": 375}
{"timestamp": "2026-05-12 09:16:31", "level": "DEBUG", "logger": "celery.utils.functional", "message": "
def generate_market_summary(self, days=0):
    return 1
", "lineno": 375}
{"timestamp": "2026-05-12 09:16:31", "level": "DEBUG", "logger": "celery.utils.functional", "message": "
def check_price_alerts(self):
    return 1
", "lineno": 375}
{"timestamp": "2026-05-12 09:16:31", "level": "DEBUG", "logger": "celery.utils.functional", "message": "
def chain(*args, **kwargs):
    return 1
", "lineno": 375}
{"timestamp": "2026-05-12 09:16:31", "level": "DEBUG", "logger": "celery.utils.functional", "message": "
def accumulate(self, *args, **kwargs):
    return 1
", "lineno": 375}
{"timestamp": "2026-05-12 09:16:31", "level": "DEBUG", "logger": "celery.bootsteps", "message": "| Consumer: Preparing bootsteps.", "lineno": 259}
{"timestamp": "2026-05-12 09:16:31", "level": "DEBUG", "logger": "celery.bootsteps", "message": "| Consumer: Building graph...", "lineno": 259}
{"timestamp": "2026-05-12 09:16:31", "level": "DEBUG", "logger": "celery.bootsteps", "message": "| Consumer: New boot order: {Connection, Events, Mingle, Tasks, DelayedDelivery, Gossip, Heart, Control, Agent, event loop}", "lineno": 259}
{"timestamp": "2026-05-12 09:16:31", "level": "DEBUG", "logger": "celery.beat", "message": "Setting default socket timeout to 30", "lineno": 108}
{"timestamp": "2026-05-12 09:16:31", "level": "DEBUG", "logger": "celery.bootsteps", "message": "| Worker: Starting Hub", "lineno": 259}
{"timestamp": "2026-05-12 09:16:31", "level": "INFO", "logger": "celery.beat", "message": "beat: Starting...", "lineno": 634}
{"timestamp": "2026-05-12 09:16:31", "level": "DEBUG", "logger": "celery.bootsteps", "message": "^-- substep ok", "lineno": 117}
{"timestamp": "2026-05-12 09:16:31", "level": "DEBUG", "logger": "celery.bootsteps", "message": "| Worker: Starting Pool", "lineno": 259}
{"timestamp": "2026-05-12 09:16:31", "level": "DEBUG", "logger": "celery.bootsteps", "message": "^-- substep ok", "lineno": 117}
{"timestamp": "2026-05-12 09:16:31", "level": "DEBUG", "logger": "celery.bootsteps", "message": "| Worker: Starting Consumer", "lineno": 259}
{"timestamp": "2026-05-12 09:16:31", "level": "DEBUG", "logger": "celery.bootsteps", "message": "| Consumer: Starting Connection", "lineno": 259}
{"timestamp": "2026-05-12 09:16:31", "level": "INFO", "logger": "celery.worker.consumer.connection", "message": "Connected to redis://redis:6379/0", "lineno": 22}
{"timestamp": "2026-05-12 09:16:31", "level": "DEBUG", "logger": "celery.bootsteps", "message": "^-- substep ok", "lineno": 117}
{"timestamp": "2026-05-12 09:16:31", "level": "DEBUG", "logger": "celery.bootsteps", "message": "| Consumer: Starting Events", "lineno": 259}
{"timestamp": "2026-05-12 09:16:31", "level": "DEBUG", "logger": "celery.bootsteps", "message": "^-- substep ok", "lineno": 117}
{"timestamp": "2026-05-12 09:16:31", "level": "DEBUG", "logger": "celery.bootsteps", "message": "| Consumer: Starting Mingle", "lineno": 259}
{"timestamp": "2026-05-12 09:16:31", "level": "INFO", "logger": "celery.worker.consumer.mingle", "message": "mingle: searching for neighbors", "lineno": 40}
{"timestamp": "2026-05-12 09:16:31", "level": "DEBUG", "logger": "celery.beat", "message": "beat: Ticking with max interval->5.00 seconds", "lineno": 635}
{"timestamp": "2026-05-12 09:16:31", "level": "DEBUG", "logger": "celery.beat", "message": "beat: Waking up in 5.00 seconds.", "lineno": 647}
{"timestamp": "2026-05-12 09:16:32", "level": "INFO", "logger": "celery.worker.consumer.mingle", "message": "mingle: all alone", "lineno": 49}
{"timestamp": "2026-05-12 09:16:32", "level": "DEBUG", "logger": "celery.bootsteps", "message": "^-- substep ok", "lineno": 117}
{"timestamp": "2026-05-12 09:16:32", "level": "DEBUG", "logger": "celery.bootsteps", "message": "| Consumer: Starting Tasks", "lineno": 259}
{"timestamp": "2026-05-12 09:16:32", "level": "DEBUG", "logger": "celery.bootsteps", "message": "^-- substep ok", "lineno": 117}
{"timestamp": "2026-05-12 09:16:32", "level": "DEBUG", "logger": "celery.bootsteps", "message": "| Consumer: Starting Gossip", "lineno": 259}
{"timestamp": "2026-05-12 09:16:32", "level": "DEBUG", "logger": "celery.bootsteps", "message": "^-- substep ok", "lineno": 117}
{"timestamp": "2026-05-12 09:16:32", "level": "DEBUG", "logger": "celery.bootsteps", "message": "| Consumer: Starting Heart", "lineno": 259}
{"timestamp": "2026-05-12 09:16:32", "level": "DEBUG", "logger": "celery.bootsteps", "message": "^-- substep ok", "lineno": 117}
{"timestamp": "2026-05-12 09:16:32", "level": "DEBUG", "logger": "celery.bootsteps", "message": "| Consumer: Starting Control", "lineno": 259}
{"timestamp": "2026-05-12 09:16:32", "level": "DEBUG", "logger": "celery.bootsteps", "message": "^-- substep ok", "lineno": 117}
{"timestamp": "2026-05-12 09:16:32", "level": "DEBUG", "logger": "celery.bootsteps", "message": "| Consumer: Starting event loop", "lineno": 259}
{"timestamp": "2026-05-12 09:16:32", "level": "DEBUG", "logger": "celery.bootsteps", "message": "| Worker: Hub.register Pool...", "lineno": 259}
{"timestamp": "2026-05-12 09:16:32", "level": "INFO", "logger": "celery.apps.worker", "message": "celery@02a6e2f5ffab ready.", "lineno": 182}
{"timestamp": "2026-05-12 09:16:36", "level": "DEBUG", "logger": "celery.beat", "message": "beat: Synchronizing schedule...", "lineno": 429}
{"timestamp": "2026-05-12 09:16:36", "level": "DEBUG", "logger": "celery.beat", "message": "beat: Waking up in 5.00 seconds.", "lineno": 647}
{"timestamp": "2026-05-12 09:16:36", "level": "INFO", "logger": "celery.worker.control", "message": "Events of group {task} enabled by remote.", "lineno": 350}
{"timestamp": "2026-05-12 09:16:41", "level": "DEBUG", "logger": "celery.beat", "message": "beat: Waking up in 5.00 seconds.", "lineno": 647}
{"timestamp": "2026-05-12 09:16:46", "level": "DEBUG", "logger": "celery.beat", "message": "beat: Waking up in 5.00 seconds.", "lineno": 647}
{"timestamp": "2026-05-12 09:16:51", "level": "DEBUG", "logger": "celery.beat", "message": "beat: Waking up in 5.00 seconds.", "lineno": 647}
{"timestamp": "2026-05-12 09:16:56", "level": "DEBUG", "logger": "celery.beat", "message": "beat: Waking up in 5.00 seconds.", "lineno": 647}
{"timestamp": "2026-05-12 09:17:01", "level": "DEBUG", "logger": "celery.beat", "message": "beat: Waking up in 5.00 seconds.", "lineno": 647}
{"timestamp": "2026-05-12 09:17:06", "level": "DEBUG", "logger": "celery.beat", "message": "beat: Waking up in 5.00 seconds.", "lineno": 647}
{"timestamp": "2026-05-12 09:17:11", "level": "DEBUG", "logger": "celery.beat", "message": "beat: Waking up in 5.00 seconds.", "lineno": 647}
{"timestamp": "2026-05-12 09:17:16", "level": "DEBUG", "logger": "celery.beat", "message": "beat: Waking up in 5.00 seconds.", "lineno": 647}
{"timestamp": "2026-05-12 09:17:21", "level": "DEBUG", "logger": "celery.beat", "message": "beat: Waking up in 5.00 seconds.", "lineno": 647}
{"timestamp": "2026-05-12 09:17:26", "level": "DEBUG", "logger": "celery.beat", "message": "beat: Waking up in 5.00 seconds.", "lineno": 647}
{"timestamp": "2026-05-12 09:17:31", "level": "DEBUG", "logger": "celery.beat", "message": "beat: Waking up in 5.00 seconds.", "lineno": 647}
{"timestamp": "2026-05-12 09:17:36", "level": "DEBUG", "logger": "celery.beat", "message": "beat: Waking up in 5.00 seconds.", "lineno": 647}
{"timestamp": "2026-05-12 09:17:41", "level": "DEBUG", "logger": "celery.beat", "message": "beat: Waking up in 5.00 seconds.", "lineno": 647}
{"timestamp": "2026-05-12 09:17:46", "level": "DEBUG", "logger": "celery.beat", "message": "beat: Waking up in 5.00 seconds.", "lineno": 647}
{"timestamp": "2026-05-12 09:17:51", "level": "DEBUG", "logger": "celery.beat", "message": "beat: Waking up in 5.00 seconds.", "lineno": 647}
{"timestamp": "2026-05-12 09:17:56", "level": "DEBUG", "logger": "celery.beat", "message": "beat: Waking up in 5.00 seconds.", "lineno": 647}
{"timestamp": "2026-05-12 09:18:01", "level": "DEBUG", "logger": "celery.beat", "message": "beat: Waking up in 5.00 seconds.", "lineno": 647}
{"timestamp": "2026-05-12 09:18:06", "level": "DEBUG", "logger": "celery.beat", "message": "beat: Waking up in 5.00 seconds.", "lineno": 647}
{"timestamp": "2026-05-12 09:18:11", "level": "DEBUG", "logger": "celery.beat", "message": "beat: Waking up in 5.00 seconds.", "lineno": 647}
{"timestamp": "2026-05-12 09:18:16", "level": "DEBUG", "logger": "celery.beat", "message": "beat: Waking up in 5.00 seconds.", "lineno": 647}
{"timestamp": "2026-05-12 09:18:21", "level": "DEBUG", "logger": "celery.beat", "message": "beat: Waking up in 5.00 seconds.", "lineno": 647}
{"timestamp": "2026-05-12 09:18:26", "level": "DEBUG", "logger": "celery.beat", "message": "beat: Waking up in 5.00 seconds.", "lineno": 647}
{"timestamp": "2026-05-12 09:18:31", "level": "DEBUG", "logger": "celery.beat", "message": "beat: Waking up in 5.00 seconds.", "lineno": 647}
{"timestamp": "2026-05-12 09:18:36", "level": "DEBUG", "logger": "celery.beat", "message": "beat: Waking up in 5.00 seconds.", "lineno": 647}
{"timestamp": "2026-05-12 09:18:41", "level": "DEBUG", "logger": "celery.beat", "message": "beat: Waking up in 5.00 seconds.", "lineno": 647}
{"timestamp": "2026-05-12 09:18:46", "level": "DEBUG", "logger": "celery.beat", "message": "beat: Waking up in 5.00 seconds.", "lineno": 647}
{"timestamp": "2026-05-12 09:18:51", "level": "DEBUG", "logger": "celery.beat", "message": "beat: Waking up in 5.00 seconds.", "lineno": 647}
{"timestamp": "2026-05-12 09:18:56", "level": "DEBUG", "logger": "celery.beat", "message": "beat: Waking up in 5.00 seconds.", "lineno": 647}
{"timestamp": "2026-05-12 09:19:01", "level": "DEBUG", "logger": "celery.beat", "message": "beat: Waking up in 5.00 seconds.", "lineno": 647}
{"timestamp": "2026-05-12 09:19:06", "level": "DEBUG", "logger": "celery.beat", "message": "beat: Waking up in 5.00 seconds.", "lineno": 647}
{"timestamp": "2026-05-12 09:19:11", "level": "DEBUG", "logger": "celery.beat", "message": "beat: Waking up in 5.00 seconds.", "lineno": 647}
{"timestamp": "2026-05-12 09:19:16", "level": "DEBUG", "logger": "celery.beat", "message": "beat: Waking up in 5.00 seconds.", "lineno": 647}
{"timestamp": "2026-05-12 09:19:21", "level": "DEBUG", "logger": "celery.beat", "message": "beat: Waking up in 5.00 seconds.", "lineno": 647}
{"timestamp": "2026-05-12 09:19:26", "level": "DEBUG", "logger": "celery.beat", "message": "beat: Waking up in 5.00 seconds.", "lineno": 647}
{"timestamp": "2026-05-12 09:19:31", "level": "DEBUG", "logger": "celery.beat", "message": "beat: Waking up in 5.00 seconds.", "lineno": 647}
{"timestamp": "2026-05-12 09:19:36", "level": "DEBUG", "logger": "celery.beat", "message": "beat: Synchronizing schedule...", "lineno": 429}
{"timestamp": "2026-05-12 09:19:36", "level": "DEBUG", "logger": "celery.beat", "message": "beat: Waking up in 5.00 seconds.", "lineno": 647}
{"timestamp": "2026-05-12 09:19:41", "level": "DEBUG", "logger": "celery.beat", "message": "beat: Waking up in 5.00 seconds.", "lineno": 647}
{"timestamp": "2026-05-12 09:19:46", "level": "DEBUG", "logger": "celery.beat", "message": "beat: Waking up in 5.00 seconds.", "lineno": 647}
{"timestamp": "2026-05-12 09:19:51", "level": "DEBUG", "logger": "celery.beat", "message": "beat: Waking up in 5.00 seconds.", "lineno": 647}
{"timestamp": "2026-05-12 09:19:56", "level": "DEBUG", "logger": "celery.beat", "message": "beat: Waking up in 5.00 seconds.", "lineno": 647}
{"timestamp": "2026-05-12 09:20:01", "level": "DEBUG", "logger": "celery.beat", "message": "beat: Waking up in 5.00 seconds.", "lineno": 647}
{"timestamp": "2026-05-12 09:20:06", "level": "DEBUG", "logger": "celery.beat", "message": "beat: Waking up in 5.00 seconds.", "lineno": 647}
{"timestamp": "2026-05-12 09:20:11", "level": "DEBUG", "logger": "celery.beat", "message": "beat: Waking up in 5.00 seconds.", "lineno": 647}
{"timestamp": "2026-05-12 09:20:16", "level": "DEBUG", "logger": "celery.beat", "message": "beat: Waking up in 5.00 seconds.", "lineno": 647}
{"timestamp": "2026-05-12 09:20:21", "level": "DEBUG", "logger": "celery.beat", "message": "beat: Waking up in 5.00 seconds.", "lineno": 647}
{"timestamp": "2026-05-12 09:20:27", "level": "DEBUG", "logger": "celery.beat", "message": "beat: Waking up in 5.00 seconds.", "lineno": 647}
{"timestamp": "2026-05-12 09:20:32", "level": "DEBUG", "logger": "celery.beat", "message": "beat: Waking up in 5.00 seconds.", "lineno": 647}
{"timestamp": "2026-05-12 09:20:37", "level": "DEBUG", "logger": "celery.beat", "message": "beat: Waking up in 5.00 seconds.", "lineno": 647}
{"timestamp": "2026-05-12 09:20:42", "level": "DEBUG", "logger": "celery.beat", "message": "beat: Waking up in 5.00 seconds.", "lineno": 647}
{"timestamp": "2026-05-12 09:20:47", "level": "DEBUG", "logger": "celery.beat", "message": "beat: Waking up in 5.00 seconds.", "lineno": 647}
{"timestamp": "2026-05-12 09:20:52", "level": "DEBUG", "logger": "celery.beat", "message": "beat: Waking up in 5.00 seconds.", "lineno": 647}
{"timestamp": "2026-05-12 09:20:57", "level": "DEBUG", "logger": "celery.beat", "message": "beat: Waking up in 5.00 seconds.", "lineno": 647}
{"timestamp": "2026-05-12 09:21:02", "level": "DEBUG", "logger": "celery.beat", "message": "beat: Waking up in 5.00 seconds.", "lineno": 647}
{"timestamp": "2026-05-12 09:21:07", "level": "DEBUG", "logger": "celery.beat", "message": "beat: Waking up in 5.00 seconds.", "lineno": 647}
{"timestamp": "2026-05-12 09:21:12", "level": "DEBUG", "logger": "celery.beat", "message": "beat: Waking up in 5.00 seconds.", "lineno": 647}
{"timestamp": "2026-05-12 09:21:17", "level": "DEBUG", "logger": "celery.beat", "message": "beat: Waking up in 5.00 seconds.", "lineno": 647}
{"timestamp": "2026-05-12 09:21:22", "level": "DEBUG", "logger": "celery.beat", "message": "beat: Waking up in 5.00 seconds.", "lineno": 647}
{"timestamp": "2026-05-12 09:21:24", "level": "DEBUG", "logger": "celery.bootsteps", "message": "| Worker: Closing Hub...", "lineno": 259}
{"timestamp": "2026-05-12 09:21:24", "level": "DEBUG", "logger": "celery.bootsteps", "message": "| Worker: Closing Pool...", "lineno": 259}
{"timestamp": "2026-05-12 09:21:24", "level": "DEBUG", "logger": "celery.bootsteps", "message": "| Worker: Closing Consumer...", "lineno": 259}
{"timestamp": "2026-05-12 09:21:24", "level": "DEBUG", "logger": "celery.bootsteps", "message": "| Worker: Stopping Consumer...", "lineno": 259}
{"timestamp": "2026-05-12 09:21:24", "level": "DEBUG", "logger": "celery.bootsteps", "message": "| Consumer: Closing Connection...", "lineno": 259}
{"timestamp": "2026-05-12 09:21:24", "level": "DEBUG", "logger": "celery.bootsteps", "message": "| Consumer: Closing Events...", "lineno": 259}
{"timestamp": "2026-05-12 09:21:24", "level": "DEBUG", "logger": "celery.bootsteps", "message": "| Consumer: Closing Mingle...", "lineno": 259}
{"timestamp": "2026-05-12 09:21:24", "level": "DEBUG", "logger": "celery.bootsteps", "message": "| Consumer: Closing Tasks...", "lineno": 259}
{"timestamp": "2026-05-12 09:21:24", "level": "DEBUG", "logger": "celery.bootsteps", "message": "| Consumer: Closing Gossip...", "lineno": 259}
{"timestamp": "2026-05-12 09:21:24", "level": "DEBUG", "logger": "celery.bootsteps", "message": "| Consumer: Closing Heart...", "lineno": 259}
{"timestamp": "2026-05-12 09:21:24", "level": "DEBUG", "logger": "celery.bootsteps", "message": "| Consumer: Closing Control...", "lineno": 259}
{"timestamp": "2026-05-12 09:21:24", "level": "DEBUG", "logger": "celery.bootsteps", "message": "| Consumer: Closing event loop...", "lineno": 259}
{"timestamp": "2026-05-12 09:21:24", "level": "DEBUG", "logger": "celery.bootsteps", "message": "| Consumer: Stopping event loop...", "lineno": 259}
{"timestamp": "2026-05-12 09:21:24", "level": "DEBUG", "logger": "celery.bootsteps", "message": "| Consumer: Stopping Control...", "lineno": 259}
{"timestamp": "2026-05-12 09:21:24", "level": "DEBUG", "logger": "celery.bootsteps", "message": "| Consumer: Stopping Heart...", "lineno": 259}
{"timestamp": "2026-05-12 09:21:24", "level": "DEBUG", "logger": "celery.bootsteps", "message": "| Consumer: Stopping Gossip...", "lineno": 259}
{"timestamp": "2026-05-12 09:21:24", "level": "DEBUG", "logger": "celery.bootsteps", "message": "| Consumer: Stopping Tasks...", "lineno": 259}
{"timestamp": "2026-05-12 09:21:24", "level": "DEBUG", "logger": "celery.worker.consumer.tasks", "message": "Canceling task consumer...", "lineno": 83}
{"timestamp": "2026-05-12 09:21:24", "level": "DEBUG", "logger": "celery.bootsteps", "message": "| Consumer: Stopping Mingle...", "lineno": 259}
{"timestamp": "2026-05-12 09:21:24", "level": "DEBUG", "logger": "celery.bootsteps", "message": "| Consumer: Stopping Events...", "lineno": 259}
{"timestamp": "2026-05-12 09:21:24", "level": "DEBUG", "logger": "celery.bootsteps", "message": "| Consumer: Stopping Connection...", "lineno": 259}
{"timestamp": "2026-05-12 09:21:24", "level": "DEBUG", "logger": "celery.bootsteps", "message": "| Worker: Stopping Pool...", "lineno": 259}
{"timestamp": "2026-05-12 09:22:06", "level": "DEBUG", "logger": "celery.utils.functional", "message": "
def generate_daily_recap(self, days=0):
    return 1
", "lineno": 375}
{"timestamp": "2026-05-12 09:22:06", "level": "DEBUG", "logger": "celery.utils.functional", "message": "
def chord(self, header, body, partial_args=0, interval=1, countdown=2, max_retries=3, eager=4, **kwargs):
    return 1
", "lineno": 375}
{"timestamp": "2026-05-12 09:22:06", "level": "DEBUG", "logger": "celery.utils.functional", "message": "
def unlock_chord(self, group_id, callback, interval=0, max_retries=1, result=2, Result=3, GroupResult=4, result_from_tuple=5, **kwargs):
    return 1
", "lineno": 375}
{"timestamp": "2026-05-12 09:22:06", "level": "DEBUG", "logger": "celery.utils.functional", "message": "
def generate_signals(self):
    return 1
", "lineno": 375}
{"timestamp": "2026-05-12 09:22:06", "level": "DEBUG", "logger": "celery.utils.functional", "message": "
def xmap(task, it):
    return 1
", "lineno": 375}
{"timestamp": "2026-05-12 09:22:06", "level": "DEBUG", "logger": "celery.utils.functional", "message": "
def aggregate_signal_performance(self):
    return 1
", "lineno": 375}
{"timestamp": "2026-05-12 09:22:06", "level": "DEBUG", "logger": "celery.utils.functional", "message": "
def xstarmap(task, it):
    return 1
", "lineno": 375}
{"timestamp": "2026-05-12 09:22:06", "level": "DEBUG", "logger": "celery.utils.functional", "message": "
def generate_market_summary(self, days=0):
    return 1
", "lineno": 375}
{"timestamp": "2026-05-12 09:22:06", "level": "DEBUG", "logger": "celery.utils.functional", "message": "
def chunks(task, it, n):
    return 1
", "lineno": 375}
{"timestamp": "2026-05-12 09:22:06", "level": "DEBUG", "logger": "celery.utils.functional", "message": "
def check_price_alerts(self):
    return 1
", "lineno": 375}
{"timestamp": "2026-05-12 09:22:06", "level": "DEBUG", "logger": "celery.utils.functional", "message": "
def accumulate(self, *args, **kwargs):
    return 1
", "lineno": 375}
{"timestamp": "2026-05-12 09:22:06", "level": "DEBUG", "logger": "celery.utils.functional", "message": "
def queue_signal_notifications(self, signal_id):
    return 1
", "lineno": 375}
{"timestamp": "2026-05-12 09:22:06", "level": "DEBUG", "logger": "celery.utils.functional", "message": "
def group(self, tasks, result, group_id, partial_args, add_to_parent=0):
    return 1
", "lineno": 375}
{"timestamp": "2026-05-12 09:22:06", "level": "DEBUG", "logger": "celery.utils.functional", "message": "
def backend_cleanup():
    return 1
", "lineno": 375}
{"timestamp": "2026-05-12 09:22:06", "level": "DEBUG", "logger": "celery.utils.functional", "message": "
def chain(*args, **kwargs):
    return 1
", "lineno": 375}
{"timestamp": "2026-05-12 09:22:06", "level": "DEBUG", "logger": "celery.utils.functional", "message": "
def cleanup_old_signals(self, days=0):
    return 1
", "lineno": 375}
{"timestamp": "2026-05-12 09:22:12", "level": "DEBUG", "logger": "celery.utils.functional", "message": "
def queue_signal_notifications(self, signal_id):
    return 1
", "lineno": 375}
{"timestamp": "2026-05-12 09:22:12", "level": "DEBUG", "logger": "celery.utils.functional", "message": "
def cleanup_old_signals(self, days=0):
    return 1
", "lineno": 375}
{"timestamp": "2026-05-12 09:22:12", "level": "DEBUG", "logger": "celery.utils.functional", "message": "
def generate_daily_recap(self, days=0):
    return 1
", "lineno": 375}
{"timestamp": "2026-05-12 09:22:12", "level": "DEBUG", "logger": "celery.utils.functional", "message": "
def chord(self, header, body, partial_args=0, interval=1, countdown=2, max_retries=3, eager=4, **kwargs):
    return 1
", "lineno": 375}
{"timestamp": "2026-05-12 09:22:12", "level": "DEBUG", "logger": "celery.utils.functional", "message": "
def chord(self, header, body, partial_args=0, interval=1, countdown=2, max_retries=3, eager=4, **kwargs):
    return 1
", "lineno": 375}
{"timestamp": "2026-05-12 09:22:12", "level": "DEBUG", "logger": "celery.utils.functional", "message": "
def unlock_chord(self, group_id, callback, interval=0, max_retries=1, result=2, Result=3, GroupResult=4, result_from_tuple=5, **kwargs):
    return 1
", "lineno": 375}
{"timestamp": "2026-05-12 09:22:12", "level": "DEBUG", "logger": "celery.utils.functional", "message": "
def unlock_chord(self, group_id, callback, interval=0, max_retries=1, result=2, Result=3, GroupResult=4, result_from_tuple=5, **kwargs):
    return 1
", "lineno": 375}
{"timestamp": "2026-05-12 09:22:12", "level": "DEBUG", "logger": "celery.utils.functional", "message": "
def cleanup_old_signals(self, days=0):
    return 1
", "lineno": 375}
{"timestamp": "2026-05-12 09:22:12", "level": "DEBUG", "logger": "celery.utils.functional", "message": "
def generate_signals(self):
    return 1
", "lineno": 375}
{"timestamp": "2026-05-12 09:22:12", "level": "DEBUG", "logger": "celery.utils.functional", "message": "
def xmap(task, it):
    return 1
", "lineno": 375}
{"timestamp": "2026-05-12 09:22:12", "level": "DEBUG", "logger": "celery.utils.functional", "message": "
def xmap(task, it):
    return 1
", "lineno": 375}
{"timestamp": "2026-05-12 09:22:12", "level": "DEBUG", "logger": "celery.utils.functional", "message": "
def generate_daily_recap(self, days=0):
    return 1
", "lineno": 375}
{"timestamp": "2026-05-12 09:22:12", "level": "DEBUG", "logger": "celery.utils.functional", "message": "
def aggregate_signal_performance(self):
    return 1
", "lineno": 375}
{"timestamp": "2026-05-12 09:22:12", "level": "DEBUG", "logger": "celery.utils.functional", "message": "
def xstarmap(task, it):
    return 1
", "lineno": 375}
{"timestamp": "2026-05-12 09:22:12", "level": "DEBUG", "logger": "celery.utils.functional", "message": "
def xstarmap(task, it):
    return 1
", "lineno": 375}
{"timestamp": "2026-05-12 09:22:12", "level": "DEBUG", "logger": "celery.utils.functional", "message": "
def generate_signals(self):
    return 1
", "lineno": 375}
{"timestamp": "2026-05-12 09:22:12", "level": "DEBUG", "logger": "celery.utils.functional", "message": "
def generate_market_summary(self, days=0):
    return 1
", "lineno": 375}
{"timestamp": "2026-05-12 09:22:12", "level": "DEBUG", "logger": "celery.utils.functional", "message": "
def chunks(task, it, n):
    return 1
", "lineno": 375}
{"timestamp": "2026-05-12 09:22:12", "level": "DEBUG", "logger": "celery.utils.functional", "message": "
def chunks(task, it, n):
    return 1
", "lineno": 375}
{"timestamp": "2026-05-12 09:22:12", "level": "DEBUG", "logger": "celery.utils.functional", "message": "
def aggregate_signal_performance(self):
    return 1
", "lineno": 375}
{"timestamp": "2026-05-12 09:22:12", "level": "DEBUG", "logger": "celery.utils.functional", "message": "
def group(self, tasks, result, group_id, partial_args, add_to_parent=0):
    return 1
", "lineno": 375}
{"timestamp": "2026-05-12 09:22:12", "level": "DEBUG", "logger": "celery.utils.functional", "message": "
def check_price_alerts(self):
    return 1
", "lineno": 375}
{"timestamp": "2026-05-12 09:22:12", "level": "DEBUG", "logger": "celery.utils.functional", "message": "
def queue_signal_notifications(self, signal_id):
    return 1
", "lineno": 375}
{"timestamp": "2026-05-12 09:22:12", "level": "DEBUG", "logger": "celery.utils.functional", "message": "
def backend_cleanup():
    return 1
", "lineno": 375}
{"timestamp": "2026-05-12 09:22:12", "level": "DEBUG", "logger": "celery.utils.functional", "message": "
def group(self, tasks, result, group_id, partial_args, add_to_parent=0):
    return 1
", "lineno": 375}
{"timestamp": "2026-05-12 09:22:12", "level": "DEBUG", "logger": "celery.utils.functional", "message": "
def generate_market_summary(self, days=0):
    return 1
", "lineno": 375}
{"timestamp": "2026-05-12 09:22:12", "level": "DEBUG", "logger": "celery.utils.functional", "message": "
def backend_cleanup():
    return 1
", "lineno": 375}
{"timestamp": "2026-05-12 09:22:12", "level": "DEBUG", "logger": "celery.utils.functional", "message": "
def check_price_alerts(self):
    return 1
", "lineno": 375}
{"timestamp": "2026-05-12 09:22:12", "level": "DEBUG", "logger": "celery.utils.functional", "message": "
def chain(*args, **kwargs):
    return 1
", "lineno": 375}
{"timestamp": "2026-05-12 09:22:12", "level": "DEBUG", "logger": "celery.utils.functional", "message": "
def chain(*args, **kwargs):
    return 1
", "lineno": 375}
{"timestamp": "2026-05-12 09:22:12", "level": "DEBUG", "logger": "celery.utils.functional", "message": "
def accumulate(self, *args, **kwargs):
    return 1
", "lineno": 375}
{"timestamp": "2026-05-12 09:22:12", "level": "DEBUG", "logger": "celery.utils.functional", "message": "
def accumulate(self, *args, **kwargs):
    return 1
", "lineno": 375}
{"timestamp": "2026-05-12 09:22:12", "level": "DEBUG", "logger": "celery.bootsteps", "message": "| Worker: Preparing bootsteps.", "lineno": 259}
{"timestamp": "2026-05-12 09:22:12", "level": "DEBUG", "logger": "celery.bootsteps", "message": "| Worker: Building graph...", "lineno": 259}
{"timestamp": "2026-05-12 09:22:12", "level": "DEBUG", "logger": "celery.beat", "message": "Setting default socket timeout to 30", "lineno": 108}
{"timestamp": "2026-05-12 09:22:12", "level": "INFO", "logger": "celery.beat", "message": "beat: Starting...", "lineno": 634}
{"timestamp": "2026-05-12 09:22:12", "level": "DEBUG", "logger": "celery.bootsteps", "message": "| Worker: New boot order: {StateDB, Timer, Hub, Pool, Autoscaler, Beat, Consumer}", "lineno": 259}
{"timestamp": "2026-05-12 09:22:12", "level": "DEBUG", "logger": "celery.bootsteps", "message": "| Consumer: Preparing bootsteps.", "lineno": 259}
{"timestamp": "2026-05-12 09:22:12", "level": "DEBUG", "logger": "celery.bootsteps", "message": "| Consumer: Building graph...", "lineno": 259}
{"timestamp": "2026-05-12 09:22:12", "level": "DEBUG", "logger": "celery.bootsteps", "message": "| Consumer: New boot order: {Connection, Agent, Events, Mingle, Tasks, DelayedDelivery, Heart, Control, Gossip, event loop}", "lineno": 259}
{"timestamp": "2026-05-12 09:22:12", "level": "DEBUG", "logger": "celery.bootsteps", "message": "| Worker: Starting Hub", "lineno": 259}
{"timestamp": "2026-05-12 09:22:12", "level": "DEBUG", "logger": "celery.bootsteps", "message": "^-- substep ok", "lineno": 117}
{"timestamp": "2026-05-12 09:22:12", "level": "DEBUG", "logger": "celery.bootsteps", "message": "| Worker: Starting Pool", "lineno": 259}
{"timestamp": "2026-05-12 09:22:12", "level": "DEBUG", "logger": "celery.beat", "message": "beat: Ticking with max interval->5.00 seconds", "lineno": 635}
{"timestamp": "2026-05-12 09:22:12", "level": "DEBUG", "logger": "celery.beat", "message": "beat: Waking up in 5.00 seconds.", "lineno": 647}
{"timestamp": "2026-05-12 09:22:12", "level": "DEBUG", "logger": "celery.bootsteps", "message": "^-- substep ok", "lineno": 117}
{"timestamp": "2026-05-12 09:22:12", "level": "DEBUG", "logger": "celery.bootsteps", "message": "| Worker: Starting Consumer", "lineno": 259}
{"timestamp": "2026-05-12 09:22:12", "level": "DEBUG", "logger": "celery.bootsteps", "message": "| Consumer: Starting Connection", "lineno": 259}
{"timestamp": "2026-05-12 09:22:12", "level": "INFO", "logger": "celery.worker.consumer.connection", "message": "Connected to redis://redis:6379/0", "lineno": 22}
{"timestamp": "2026-05-12 09:22:12", "level": "DEBUG", "logger": "celery.bootsteps", "message": "^-- substep ok", "lineno": 117}
{"timestamp": "2026-05-12 09:22:12", "level": "DEBUG", "logger": "celery.bootsteps", "message": "| Consumer: Starting Events", "lineno": 259}
{"timestamp": "2026-05-12 09:22:12", "level": "DEBUG", "logger": "celery.bootsteps", "message": "^-- substep ok", "lineno": 117}
{"timestamp": "2026-05-12 09:22:12", "level": "DEBUG", "logger": "celery.bootsteps", "message": "| Consumer: Starting Mingle", "lineno": 259}
{"timestamp": "2026-05-12 09:22:12", "level": "INFO", "logger": "celery.worker.consumer.mingle", "message": "mingle: searching for neighbors", "lineno": 40}
{"timestamp": "2026-05-12 09:22:13", "level": "INFO", "logger": "celery.worker.consumer.mingle", "message": "mingle: all alone", "lineno": 49}
{"timestamp": "2026-05-12 09:22:13", "level": "DEBUG", "logger": "celery.bootsteps", "message": "^-- substep ok", "lineno": 117}
{"timestamp": "2026-05-12 09:22:13", "level": "DEBUG", "logger": "celery.bootsteps", "message": "| Consumer: Starting Tasks", "lineno": 259}
{"timestamp": "2026-05-12 09:22:13", "level": "DEBUG", "logger": "celery.bootsteps", "message": "^-- substep ok", "lineno": 117}
{"timestamp": "2026-05-12 09:22:13", "level": "DEBUG", "logger": "celery.bootsteps", "message": "| Consumer: Starting Heart", "lineno": 259}
{"timestamp": "2026-05-12 09:22:13", "level": "DEBUG", "logger": "celery.bootsteps", "message": "^-- substep ok", "lineno": 117}
{"timestamp": "2026-05-12 09:22:13", "level": "DEBUG", "logger": "celery.bootsteps", "message": "| Consumer: Starting Control", "lineno": 259}
{"timestamp": "2026-05-12 09:22:13", "level": "DEBUG", "logger": "celery.bootsteps", "message": "^-- substep ok", "lineno": 117}
{"timestamp": "2026-05-12 09:22:13", "level": "DEBUG", "logger": "celery.bootsteps", "message": "| Consumer: Starting Gossip", "lineno": 259}
{"timestamp": "2026-05-12 09:22:13", "level": "DEBUG", "logger": "celery.bootsteps", "message": "^-- substep ok", "lineno": 117}
{"timestamp": "2026-05-12 09:22:13", "level": "DEBUG", "logger": "celery.bootsteps", "message": "| Consumer: Starting event loop", "lineno": 259}
{"timestamp": "2026-05-12 09:22:13", "level": "DEBUG", "logger": "celery.bootsteps", "message": "| Worker: Hub.register Pool...", "lineno": 259}
{"timestamp": "2026-05-12 09:22:13", "level": "INFO", "logger": "celery.apps.worker", "message": "celery@ca0f68569e70 ready.", "lineno": 182}
{"timestamp": "2026-05-12 09:22:16", "level": "INFO", "logger": "celery.worker.control", "message": "Events of group {task} enabled by remote.", "lineno": 350}
{"timestamp": "2026-05-12 09:22:17", "level": "DEBUG", "logger": "celery.beat", "message": "beat: Synchronizing schedule...", "lineno": 429}
{"timestamp": "2026-05-12 09:22:17", "level": "DEBUG", "logger": "celery.beat", "message": "beat: Waking up in 5.00 seconds.", "lineno": 647}
{"timestamp": "2026-05-12 09:22:22", "level": "DEBUG", "logger": "celery.beat", "message": "beat: Waking up in 5.00 seconds.", "lineno": 647}
{"timestamp": "2026-05-12 09:22:27", "level": "DEBUG", "logger": "celery.beat", "message": "beat: Waking up in 5.00 seconds.", "lineno": 647}
{"timestamp": "2026-05-12 09:22:32", "level": "DEBUG", "logger": "celery.beat", "message": "beat: Waking up in 5.00 seconds.", "lineno": 647}
{"timestamp": "2026-05-12 09:22:37", "level": "DEBUG", "logger": "celery.beat", "message": "beat: Waking up in 5.00 seconds.", "lineno": 647}
{"timestamp": "2026-05-12 09:22:42", "level": "DEBUG", "logger": "celery.beat", "message": "beat: Waking up in 5.00 seconds.", "lineno": 647}
{"timestamp": "2026-05-12 09:22:47", "level": "DEBUG", "logger": "celery.beat", "message": "beat: Waking up in 5.00 seconds.", "lineno": 647}
{"timestamp": "2026-05-12 09:22:52", "level": "DEBUG", "logger": "celery.beat", "message": "beat: Waking up in 5.00 seconds.", "lineno": 647}
{"timestamp": "2026-05-12 09:22:57", "level": "DEBUG", "logger": "celery.beat", "message": "beat: Waking up in 5.00 seconds.", "lineno": 647}
{"timestamp": "2026-05-12 09:23:02", "level": "DEBUG", "logger": "celery.beat", "message": "beat: Waking up in 5.00 seconds.", "lineno": 647}
{"timestamp": "2026-05-12 09:23:07", "level": "DEBUG", "logger": "celery.beat", "message": "beat: Waking up in 5.00 seconds.", "lineno": 647}
{"timestamp": "2026-05-12 09:23:12", "level": "DEBUG", "logger": "celery.beat", "message": "beat: Waking up in 5.00 seconds.", "lineno": 647}
{"timestamp": "2026-05-12 09:23:17", "level": "DEBUG", "logger": "celery.beat", "message": "beat: Waking up in 5.00 seconds.", "lineno": 647}
{"timestamp": "2026-05-12 09:23:22", "level": "DEBUG", "logger": "celery.beat", "message": "beat: Waking up in 5.00 seconds.", "lineno": 647}
{"timestamp": "2026-05-12 09:23:27", "level": "DEBUG", "logger": "celery.beat", "message": "beat: Waking up in 5.00 seconds.", "lineno": 647}
{"timestamp": "2026-05-12 09:23:32", "level": "DEBUG", "logger": "celery.beat", "message": "beat: Waking up in 5.00 seconds.", "lineno": 647}
{"timestamp": "2026-05-12 09:23:37", "level": "DEBUG", "logger": "celery.beat", "message": "beat: Waking up in 5.00 seconds.", "lineno": 647}
{"timestamp": "2026-05-12 09:23:43", "level": "DEBUG", "logger": "celery.beat", "message": "beat: Waking up in 5.00 seconds.", "lineno": 647}
{"timestamp": "2026-05-12 09:23:48", "level": "DEBUG", "logger": "celery.beat", "message": "beat: Waking up in 5.00 seconds.", "lineno": 647}
{"timestamp": "2026-05-12 09:23:53", "level": "DEBUG", "logger": "celery.beat", "message": "beat: Waking up in 5.00 seconds.", "lineno": 647}
{"timestamp": "2026-05-12 09:23:58", "level": "DEBUG", "logger": "celery.beat", "message": "beat: Waking up in 5.00 seconds.", "lineno": 647}
{"timestamp": "2026-05-12 09:24:03", "level": "DEBUG", "logger": "celery.beat", "message": "beat: Waking up in 5.00 seconds.", "lineno": 647}
{"timestamp": "2026-05-12 09:24:08", "level": "DEBUG", "logger": "celery.beat", "message": "beat: Waking up in 5.00 seconds.", "lineno": 647}
{"timestamp": "2026-05-12 09:24:13", "level": "DEBUG", "logger": "celery.beat", "message": "beat: Waking up in 5.00 seconds.", "lineno": 647}
{"timestamp": "2026-05-12 09:24:18", "level": "DEBUG", "logger": "celery.beat", "message": "beat: Waking up in 5.00 seconds.", "lineno": 647}
{"timestamp": "2026-05-12 09:24:23", "level": "DEBUG", "logger": "celery.beat", "message": "beat: Waking up in 5.00 seconds.", "lineno": 647}
{"timestamp": "2026-05-12 09:24:28", "level": "DEBUG", "logger": "celery.beat", "message": "beat: Waking up in 5.00 seconds.", "lineno": 647}
{"timestamp": "2026-05-12 09:24:33", "level": "DEBUG", "logger": "celery.beat", "message": "beat: Waking up in 5.00 seconds.", "lineno": 647}
{"timestamp": "2026-05-12 09:24:38", "level": "DEBUG", "logger": "celery.beat", "message": "beat: Waking up in 5.00 seconds.", "lineno": 647}
{"timestamp": "2026-05-12 09:24:43", "level": "DEBUG", "logger": "celery.beat", "message": "beat: Waking up in 5.00 seconds.", "lineno": 647}
{"timestamp": "2026-05-12 09:24:48", "level": "DEBUG", "logger": "celery.beat", "message": "beat: Waking up in 5.00 seconds.", "lineno": 647}
{"timestamp": "2026-05-12 09:24:53", "level": "DEBUG", "logger": "celery.beat", "message": "beat: Waking up in 5.00 seconds.", "lineno": 647}
{"timestamp": "2026-05-12 09:24:58", "level": "DEBUG", "logger": "celery.beat", "message": "beat: Waking up in 5.00 seconds.", "lineno": 647}
{"timestamp": "2026-05-12 09:25:03", "level": "DEBUG", "logger": "celery.beat", "message": "beat: Waking up in 5.00 seconds.", "lineno": 647}
{"timestamp": "2026-05-12 09:25:08", "level": "DEBUG", "logger": "celery.beat", "message": "beat: Waking up in 5.00 seconds.", "lineno": 647}
{"timestamp": "2026-05-12 09:25:13", "level": "DEBUG", "logger": "celery.beat", "message": "beat: Waking up in 5.00 seconds.", "lineno": 647}
{"timestamp": "2026-05-12 09:25:18", "level": "DEBUG", "logger": "celery.beat", "message": "beat: Synchronizing schedule...", "lineno": 429}
{"timestamp": "2026-05-12 09:25:18", "level": "DEBUG", "logger": "celery.beat", "message": "beat: Waking up in 5.00 seconds.", "lineno": 647}
{"timestamp": "2026-05-12 09:25:23", "level": "DEBUG", "logger": "celery.beat", "message": "beat: Waking up in 5.00 seconds.", "lineno": 647}
{"timestamp": "2026-05-12 09:25:28", "level": "DEBUG", "logger": "celery.beat", "message": "beat: Waking up in 5.00 seconds.", "lineno": 647}
{"timestamp": "2026-05-12 09:25:33", "level": "DEBUG", "logger": "celery.beat", "message": "beat: Waking up in 5.00 seconds.", "lineno": 647}
{"timestamp": "2026-05-12 09:25:38", "level": "DEBUG", "logger": "celery.beat", "message": "beat: Waking up in 5.00 seconds.", "lineno": 647}
{"timestamp": "2026-05-12 09:25:43", "level": "DEBUG", "logger": "celery.beat", "message": "beat: Waking up in 5.00 seconds.", "lineno": 647}
{"timestamp": "2026-05-12 09:25:48", "level": "DEBUG", "logger": "celery.beat", "message": "beat: Waking up in 5.00 seconds.", "lineno": 647}
{"timestamp": "2026-05-12 09:25:53", "level": "DEBUG", "logger": "celery.beat", "message": "beat: Waking up in 5.00 seconds.", "lineno": 647}
{"timestamp": "2026-05-12 09:25:58", "level": "DEBUG", "logger": "celery.beat", "message": "beat: Waking up in 5.00 seconds.", "lineno": 647}
{"timestamp": "2026-05-12 09:26:03", "level": "DEBUG", "logger": "celery.beat", "message": "beat: Waking up in 5.00 seconds.", "lineno": 647}
{"timestamp": "2026-05-12 09:26:08", "level": "DEBUG", "logger": "celery.beat", "message": "beat: Waking up in 5.00 seconds.", "lineno": 647}
{"timestamp": "2026-05-12 09:26:13", "level": "DEBUG", "logger": "celery.beat", "message": "beat: Waking up in 5.00 seconds.", "lineno": 647}
{"timestamp": "2026-05-12 09:26:18", "level": "DEBUG", "logger": "celery.beat", "message": "beat: Waking up in 5.00 seconds.", "lineno": 647}
{"timestamp": "2026-05-12 09:26:18", "level": "DEBUG", "logger": "celery.utils.functional", "message": "
def generate_daily_recap(self, days=0):
    return 1
", "lineno": 375}
{"timestamp": "2026-05-12 09:26:18", "level": "DEBUG", "logger": "celery.utils.functional", "message": "
def chord(self, header, body, partial_args=0, interval=1, countdown=2, max_retries=3, eager=4, **kwargs):
    return 1
", "lineno": 375}
{"timestamp": "2026-05-12 09:26:18", "level": "DEBUG", "logger": "celery.utils.functional", "message": "
def unlock_chord(self, group_id, callback, interval=0, max_retries=1, result=2, Result=3, GroupResult=4, result_from_tuple=5, **kwargs):
    return 1
", "lineno": 375}
{"timestamp": "2026-05-12 09:26:18", "level": "DEBUG", "logger": "celery.utils.functional", "message": "
def accumulate(self, *args, **kwargs):
    return 1
", "lineno": 375}
{"timestamp": "2026-05-12 09:26:18", "level": "DEBUG", "logger": "celery.utils.functional", "message": "
def generate_signals(self):
    return 1
", "lineno": 375}
{"timestamp": "2026-05-12 09:26:18", "level": "DEBUG", "logger": "celery.utils.functional", "message": "
def xmap(task, it):
    return 1
", "lineno": 375}
{"timestamp": "2026-05-12 09:26:18", "level": "DEBUG", "logger": "celery.utils.functional", "message": "
def aggregate_signal_performance(self):
    return 1
", "lineno": 375}
{"timestamp": "2026-05-12 09:26:18", "level": "DEBUG", "logger": "celery.utils.functional", "message": "
def xstarmap(task, it):
    return 1
", "lineno": 375}
{"timestamp": "2026-05-12 09:26:18", "level": "DEBUG", "logger": "celery.utils.functional", "message": "
def generate_market_summary(self, days=0):
    return 1
", "lineno": 375}
{"timestamp": "2026-05-12 09:26:18", "level": "DEBUG", "logger": "celery.utils.functional", "message": "
def chunks(task, it, n):
    return 1
", "lineno": 375}
{"timestamp": "2026-05-12 09:26:18", "level": "DEBUG", "logger": "celery.utils.functional", "message": "
def check_price_alerts(self):
    return 1
", "lineno": 375}
{"timestamp": "2026-05-12 09:26:18", "level": "DEBUG", "logger": "celery.utils.functional", "message": "
def queue_signal_notifications(self, signal_id):
    return 1
", "lineno": 375}
{"timestamp": "2026-05-12 09:26:18", "level": "DEBUG", "logger": "celery.utils.functional", "message": "
def group(self, tasks, result, group_id, partial_args, add_to_parent=0):
    return 1
", "lineno": 375}
{"timestamp": "2026-05-12 09:26:18", "level": "DEBUG", "logger": "celery.utils.functional", "message": "
def backend_cleanup():
    return 1
", "lineno": 375}
{"timestamp": "2026-05-12 09:26:18", "level": "DEBUG", "logger": "celery.utils.functional", "message": "
def chain(*args, **kwargs):
    return 1
", "lineno": 375}
{"timestamp": "2026-05-12 09:26:18", "level": "DEBUG", "logger": "celery.utils.functional", "message": "
def cleanup_old_signals(self, days=0):
    return 1
", "lineno": 375}
{"timestamp": "2026-05-12 09:26:18", "level": "DEBUG", "logger": "celery.worker.control", "message": "Heartbeat requested by remote.", "lineno": 369}
{"timestamp": "2026-05-12 09:26:23", "level": "DEBUG", "logger": "celery.beat", "message": "beat: Waking up in 5.00 seconds.", "lineno": 647}
{"timestamp": "2026-05-12 09:26:28", "level": "DEBUG", "logger": "celery.beat", "message": "beat: Waking up in 5.00 seconds.", "lineno": 647}
{"timestamp": "2026-05-12 09:26:33", "level": "DEBUG", "logger": "celery.beat", "message": "beat: Waking up in 5.00 seconds.", "lineno": 647}
{"timestamp": "2026-05-12 09:26:38", "level": "DEBUG", "logger": "celery.beat", "message": "beat: Waking up in 5.00 seconds.", "lineno": 647}
{"timestamp": "2026-05-12 09:26:43", "level": "DEBUG", "logger": "celery.beat", "message": "beat: Waking up in 5.00 seconds.", "lineno": 647}
{"timestamp": "2026-05-12 09:26:48", "level": "DEBUG", "logger": "celery.beat", "message": "beat: Waking up in 5.00 seconds.", "lineno": 647}
{"timestamp": "2026-05-12 09:26:53", "level": "DEBUG", "logger": "celery.beat", "message": "beat: Waking up in 5.00 seconds.", "lineno": 647}
{"timestamp": "2026-05-12 09:26:58", "level": "DEBUG", "logger": "celery.beat", "message": "beat: Waking up in 5.00 seconds.", "lineno": 647}
{"timestamp": "2026-05-12 09:27:03", "level": "DEBUG", "logger": "celery.beat", "message": "beat: Waking up in 5.00 seconds.", "lineno": 647}
{"timestamp": "2026-05-12 09:27:08", "level": "DEBUG", "logger": "celery.beat", "message": "beat: Waking up in 3.96 seconds.", "lineno": 647}
{"timestamp": "2026-05-12 09:27:12", "level": "INFO", "logger": "celery.beat", "message": "Scheduler: Sending due task check-price-alerts (alerts.tasks.check_price_alerts)", "lineno": 280}
{"timestamp": "2026-05-12 09:27:12", "level": "DEBUG", "logger": "celery.beat", "message": "alerts.tasks.check_price_alerts sent. id->f1a6096e-b530-49e3-bd1b-d16b857e429a", "lineno": 288}
{"timestamp": "2026-05-12 09:27:12", "level": "INFO", "logger": "celery.worker.strategy", "message": "Task alerts.tasks.check_price_alerts[f1a6096e-b530-49e3-bd1b-d16b857e429a] received", "lineno": 161}
{"timestamp": "2026-05-12 09:27:12", "level": "DEBUG", "logger": "celery.pool", "message": "TaskPool: Apply <function fast_trace_task at 0xffffaefbd260> (args:('alerts.tasks.check_price_alerts', 'f1a6096e-b530-49e3-bd1b-d16b857e429a', {'lang': 'py', 'task': 'alerts.tasks.check_price_alerts', 'id': 'f1a6096e-b530-49e3-bd1b-d16b857e429a', 'shadow': None, 'eta': None, 'expires': None, 'group': None, 'group_index': None, 'retries': 0, 'timelimit': [None, None], 'root_id': 'f1a6096e-b530-49e3-bd1b-d16b857e429a', 'parent_id': None, 'argsrepr': '()', 'kwargsrepr': '{}', 'origin': 'gen1@4bace727b285', 'ignore_result': False, 'replaced_task_nesting': 0, 'stamped_headers': None, 'stamps': {}, 'periodic_task_name': 'check-price-alerts', 'properties': {'correlation_id': 'f1a6096e-b530-49e3-bd1b-d16b857e429a', 'reply_to': 'b552d340-9513-3e90-93eb-60f844f5ce13', 'delivery_mode': 2, 'delivery_info': {'exchange': '', 'routing_key': 'celery'}, 'priority': 0, 'body_encoding': 'base64', 'delivery_tag': '8759e58b-8b96-47c0-adb4-1103181e0661'}, 'reply_to': 'b552d340-9513-3e90-93eb-60f844f5ce13', 'correlation_id': 'f1a6096e-b530-49e3-bd1b-d16b857e429a', 'hostname':... kwargs:{})", "lineno": 149}
{"timestamp": "2026-05-12 09:27:12", "level": "INFO", "logger": "celery.app.trace", "message": "Task alerts.tasks.check_price_alerts[f1a6096e-b530-49e3-bd1b-d16b857e429a] succeeded in 0.02607262500032448s: {'triggered_count': 0}", "lineno": 128}
{"timestamp": "2026-05-12 09:27:12", "level": "DEBUG", "logger": "celery.beat", "message": "beat: Waking up in 5.00 seconds.", "lineno": 647}
{"timestamp": "2026-05-12 09:27:17", "level": "DEBUG", "logger": "celery.beat", "message": "beat: Waking up in 5.00 seconds.", "lineno": 647}
{"timestamp": "2026-05-12 09:27:22", "level": "DEBUG", "logger": "celery.beat", "message": "beat: Waking up in 5.00 seconds.", "lineno": 647}
{"timestamp": "2026-05-12 09:27:27", "level": "DEBUG", "logger": "celery.beat", "message": "beat: Waking up in 5.00 seconds.", "lineno": 647}
{"timestamp": "2026-05-12 09:27:32", "level": "DEBUG", "logger": "celery.beat", "message": "beat: Waking up in 5.00 seconds.", "lineno": 647}
{"timestamp": "2026-05-12 09:27:37", "level": "DEBUG", "logger": "celery.beat", "message": "beat: Waking up in 5.00 seconds.", "lineno": 647}
{"timestamp": "2026-05-12 09:27:42", "level": "DEBUG", "logger": "celery.beat", "message": "beat: Waking up in 5.00 seconds.", "lineno": 647}
{"timestamp": "2026-05-12 09:27:47", "level": "DEBUG", "logger": "celery.beat", "message": "beat: Waking up in 5.00 seconds.", "lineno": 647}
{"timestamp": "2026-05-12 09:27:52", "level": "DEBUG", "logger": "celery.beat", "message": "beat: Waking up in 5.00 seconds.", "lineno": 647}
{"timestamp": "2026-05-12 09:27:57", "level": "DEBUG", "logger": "celery.beat", "message": "beat: Waking up in 5.00 seconds.", "lineno": 647}
{"timestamp": "2026-05-12 09:28:02", "level": "DEBUG", "logger": "celery.beat", "message": "beat: Waking up in 5.00 seconds.", "lineno": 647}
{"timestamp": "2026-05-12 09:28:07", "level": "DEBUG", "logger": "celery.beat", "message": "beat: Waking up in 5.00 seconds.", "lineno": 647}
{"timestamp": "2026-05-12 09:28:12", "level": "DEBUG", "logger": "celery.beat", "message": "beat: Waking up in 5.00 seconds.", "lineno": 647}
{"timestamp": "2026-05-12 09:28:17", "level": "DEBUG", "logger": "celery.beat", "message": "beat: Waking up in 5.00 seconds.", "lineno": 647}
{"timestamp": "2026-05-12 09:28:22", "level": "DEBUG", "logger": "celery.beat", "message": "beat: Synchronizing schedule...", "lineno": 429}
{"timestamp": "2026-05-12 09:28:22", "level": "DEBUG", "logger": "celery.beat", "message": "beat: Waking up in 5.00 seconds.", "lineno": 647}
{"timestamp": "2026-05-12 09:28:27", "level": "DEBUG", "logger": "celery.beat", "message": "beat: Waking up in 5.00 seconds.", "lineno": 647}
{"timestamp": "2026-05-12 09:28:32", "level": "DEBUG", "logger": "celery.beat", "message": "beat: Waking up in 5.00 seconds.", "lineno": 647}
{"timestamp": "2026-05-12 09:28:37", "level": "DEBUG", "logger": "celery.beat", "message": "beat: Waking up in 5.00 seconds.", "lineno": 647}
{"timestamp": "2026-05-12 09:28:43", "level": "DEBUG", "logger": "celery.beat", "message": "beat: Waking up in 5.00 seconds.", "lineno": 647}
{"timestamp": "2026-05-12 09:28:48", "level": "DEBUG", "logger": "celery.beat", "message": "beat: Waking up in 5.00 seconds.", "lineno": 647}
{"timestamp": "2026-05-12 09:28:53", "level": "DEBUG", "logger": "celery.beat", "message": "beat: Waking up in 5.00 seconds.", "lineno": 647}
{"timestamp": "2026-05-12 09:28:58", "level": "DEBUG", "logger": "celery.beat", "message": "beat: Waking up in 5.00 seconds.", "lineno": 647}
{"timestamp": "2026-05-12 09:29:03", "level": "DEBUG", "logger": "celery.beat", "message": "beat: Waking up in 5.00 seconds.", "lineno": 647}
{"timestamp": "2026-05-12 09:29:08", "level": "DEBUG", "logger": "celery.beat", "message": "beat: Waking up in 5.00 seconds.", "lineno": 647}
{"timestamp": "2026-05-12 09:29:13", "level": "DEBUG", "logger": "celery.beat", "message": "beat: Waking up in 5.00 seconds.", "lineno": 647}
{"timestamp": "2026-05-12 09:29:18", "level": "DEBUG", "logger": "celery.beat", "message": "beat: Waking up in 5.00 seconds.", "lineno": 647}
{"timestamp": "2026-05-12 09:29:23", "level": "DEBUG", "logger": "celery.beat", "message": "beat: Waking up in 5.00 seconds.", "lineno": 647}
{"timestamp": "2026-05-12 09:29:28", "level": "DEBUG", "logger": "celery.beat", "message": "beat: Waking up in 5.00 seconds.", "lineno": 647}
{"timestamp": "2026-05-12 09:29:33", "level": "DEBUG", "logger": "celery.beat", "message": "beat: Waking up in 5.00 seconds.", "lineno": 647}
{"timestamp": "2026-05-12 09:29:38", "level": "DEBUG", "logger": "celery.beat", "message": "beat: Waking up in 5.00 seconds.", "lineno": 647}
{"timestamp": "2026-05-12 09:29:43", "level": "DEBUG", "logger": "celery.beat", "message": "beat: Waking up in 5.00 seconds.", "lineno": 647}
{"timestamp": "2026-05-12 09:29:48", "level": "DEBUG", "logger": "celery.beat", "message": "beat: Waking up in 5.00 seconds.", "lineno": 647}
{"timestamp": "2026-05-12 09:29:53", "level": "DEBUG", "logger": "celery.beat", "message": "beat: Waking up in 5.00 seconds.", "lineno": 647}
{"timestamp": "2026-05-12 09:29:58", "level": "DEBUG", "logger": "celery.beat", "message": "beat: Waking up in 5.00 seconds.", "lineno": 647}
{"timestamp": "2026-05-12 09:30:03", "level": "DEBUG", "logger": "celery.beat", "message": "beat: Waking up in 5.00 seconds.", "lineno": 647}
{"timestamp": "2026-05-12 09:30:08", "level": "DEBUG", "logger": "celery.beat", "message": "beat: Waking up in 5.00 seconds.", "lineno": 647}
{"timestamp": "2026-05-12 09:30:13", "level": "DEBUG", "logger": "celery.beat", "message": "beat: Waking up in 5.00 seconds.", "lineno": 647}
{"timestamp": "2026-05-12 09:30:18", "level": "DEBUG", "logger": "celery.beat", "message": "beat: Waking up in 5.00 seconds.", "lineno": 647}
{"timestamp": "2026-05-12 09:30:23", "level": "DEBUG", "logger": "celery.beat", "message": "beat: Waking up in 5.00 seconds.", "lineno": 647}
{"timestamp": "2026-05-12 09:30:28", "level": "DEBUG", "logger": "celery.beat", "message": "beat: Waking up in 5.00 seconds.", "lineno": 647}
{"timestamp": "2026-05-12 09:30:33", "level": "DEBUG", "logger": "celery.beat", "message": "beat: Waking up in 5.00 seconds.", "lineno": 647}
{"timestamp": "2026-05-12 09:30:38", "level": "DEBUG", "logger": "celery.beat", "message": "beat: Waking up in 5.00 seconds.", "lineno": 647}
{"timestamp": "2026-05-12 09:30:43", "level": "DEBUG", "logger": "celery.beat", "message": "beat: Waking up in 5.00 seconds.", "lineno": 647}
{"timestamp": "2026-05-12 09:30:48", "level": "DEBUG", "logger": "celery.beat", "message": "beat: Waking up in 5.00 seconds.", "lineno": 647}
{"timestamp": "2026-05-12 09:30:53", "level": "DEBUG", "logger": "celery.beat", "message": "beat: Waking up in 5.00 seconds.", "lineno": 647}
{"timestamp": "2026-05-12 09:30:58", "level": "DEBUG", "logger": "celery.beat", "message": "beat: Waking up in 5.00 seconds.", "lineno": 647}
{"timestamp": "2026-05-12 09:31:03", "level": "DEBUG", "logger": "celery.beat", "message": "beat: Waking up in 5.00 seconds.", "lineno": 647}
{"timestamp": "2026-05-12 09:31:08", "level": "DEBUG", "logger": "celery.beat", "message": "beat: Waking up in 5.00 seconds.", "lineno": 647}
{"timestamp": "2026-05-12 09:31:13", "level": "DEBUG", "logger": "celery.beat", "message": "beat: Waking up in 5.00 seconds.", "lineno": 647}
{"timestamp": "2026-05-12 09:31:18", "level": "DEBUG", "logger": "celery.beat", "message": "beat: Waking up in 5.00 seconds.", "lineno": 647}
{"timestamp": "2026-05-12 09:31:23", "level": "DEBUG", "logger": "celery.beat", "message": "beat: Synchronizing schedule...", "lineno": 429}
{"timestamp": "2026-05-12 09:31:23", "level": "DEBUG", "logger": "celery.beat", "message": "beat: Waking up in 5.00 seconds.", "lineno": 647}
{"timestamp": "2026-05-12 09:31:28", "level": "DEBUG", "logger": "celery.beat", "message": "beat: Waking up in 5.00 seconds.", "lineno": 647}
{"timestamp": "2026-05-12 09:31:33", "level": "DEBUG", "logger": "celery.beat", "message": "beat: Waking up in 5.00 seconds.", "lineno": 647}
{"timestamp": "2026-05-12 09:31:38", "level": "DEBUG", "logger": "celery.beat", "message": "beat: Waking up in 5.00 seconds.", "lineno": 647}
{"timestamp": "2026-05-12 09:31:43", "level": "DEBUG", "logger": "celery.beat", "message": "beat: Waking up in 5.00 seconds.", "lineno": 647}
{"timestamp": "2026-05-12 09:31:48", "level": "DEBUG", "logger": "celery.beat", "message": "beat: Waking up in 5.00 seconds.", "lineno": 647}
{"timestamp": "2026-05-12 09:31:53", "level": "DEBUG", "logger": "celery.beat", "message": "beat: Waking up in 5.00 seconds.", "lineno": 647}
{"timestamp": "2026-05-12 09:31:58", "level": "DEBUG", "logger": "celery.beat", "message": "beat: Waking up in 5.00 seconds.", "lineno": 647}
{"timestamp": "2026-05-12 09:32:03", "level": "DEBUG", "logger": "celery.beat", "message": "beat: Waking up in 5.00 seconds.", "lineno": 647}
{"timestamp": "2026-05-12 09:32:08", "level": "DEBUG", "logger": "celery.beat", "message": "beat: Waking up in 3.86 seconds.", "lineno": 647}
{"timestamp": "2026-05-12 09:32:12", "level": "INFO", "logger": "celery.beat", "message": "Scheduler: Sending due task check-price-alerts (alerts.tasks.check_price_alerts)", "lineno": 280}
{"timestamp": "2026-05-12 09:32:12", "level": "DEBUG", "logger": "celery.beat", "message": "alerts.tasks.check_price_alerts sent. id->dbbfa74c-57eb-4a82-ba97-3dedd1e8d540", "lineno": 288}
{"timestamp": "2026-05-12 09:32:12", "level": "INFO", "logger": "celery.worker.strategy", "message": "Task alerts.tasks.check_price_alerts[dbbfa74c-57eb-4a82-ba97-3dedd1e8d540] received", "lineno": 161}
{"timestamp": "2026-05-12 09:32:12", "level": "DEBUG", "logger": "celery.pool", "message": "TaskPool: Apply <function fast_trace_task at 0xffffaefbd260> (args:('alerts.tasks.check_price_alerts', 'dbbfa74c-57eb-4a82-ba97-3dedd1e8d540', {'lang': 'py', 'task': 'alerts.tasks.check_price_alerts', 'id': 'dbbfa74c-57eb-4a82-ba97-3dedd1e8d540', 'shadow': None, 'eta': None, 'expires': None, 'group': None, 'group_index': None, 'retries': 0, 'timelimit': [None, None], 'root_id': 'dbbfa74c-57eb-4a82-ba97-3dedd1e8d540', 'parent_id': None, 'argsrepr': '()', 'kwargsrepr': '{}', 'origin': 'gen1@4bace727b285', 'ignore_result': False, 'replaced_task_nesting': 0, 'stamped_headers': None, 'stamps': {}, 'periodic_task_name': 'check-price-alerts', 'properties': {'correlation_id': 'dbbfa74c-57eb-4a82-ba97-3dedd1e8d540', 'reply_to': 'b552d340-9513-3e90-93eb-60f844f5ce13', 'delivery_mode': 2, 'delivery_info': {'exchange': '', 'routing_key': 'celery'}, 'priority': 0, 'body_encoding': 'base64', 'delivery_tag': '6d045939-8b2d-465b-a37a-5a484221040d'}, 'reply_to': 'b552d340-9513-3e90-93eb-60f844f5ce13', 'correlation_id': 'dbbfa74c-57eb-4a82-ba97-3dedd1e8d540', 'hostname':... kwargs:{})", "lineno": 149}
{"timestamp": "2026-05-12 09:32:12", "level": "INFO", "logger": "celery.app.trace", "message": "Task alerts.tasks.check_price_alerts[dbbfa74c-57eb-4a82-ba97-3dedd1e8d540] succeeded in 0.030546416999641224s: {'triggered_count': 0}", "lineno": 128}
{"timestamp": "2026-05-12 09:32:12", "level": "DEBUG", "logger": "celery.beat", "message": "beat: Waking up in 5.00 seconds.", "lineno": 647}
{"timestamp": "2026-05-12 09:32:17", "level": "DEBUG", "logger": "celery.beat", "message": "beat: Waking up in 5.00 seconds.", "lineno": 647}
{"timestamp": "2026-05-12 09:32:22", "level": "DEBUG", "logger": "celery.beat", "message": "beat: Waking up in 5.00 seconds.", "lineno": 647}
{"timestamp": "2026-05-12 09:32:27", "level": "DEBUG", "logger": "celery.beat", "message": "beat: Waking up in 5.00 seconds.", "lineno": 647}
{"timestamp": "2026-05-12 09:32:32", "level": "DEBUG", "logger": "celery.beat", "message": "beat: Waking up in 5.00 seconds.", "lineno": 647}
{"timestamp": "2026-05-12 09:32:37", "level": "DEBUG", "logger": "celery.beat", "message": "beat: Waking up in 5.00 seconds.", "lineno": 647}
{"timestamp": "2026-05-12 09:32:42", "level": "DEBUG", "logger": "celery.beat", "message": "beat: Waking up in 5.00 seconds.", "lineno": 647}
{"timestamp": "2026-05-12 09:32:47", "level": "DEBUG", "logger": "celery.beat", "message": "beat: Waking up in 5.00 seconds.", "lineno": 647}
{"timestamp": "2026-05-12 09:32:52", "level": "DEBUG", "logger": "celery.beat", "message": "beat: Waking up in 5.00 seconds.", "lineno": 647}
{"timestamp": "2026-05-12 09:32:57", "level": "DEBUG", "logger": "celery.beat", "message": "beat: Waking up in 5.00 seconds.", "lineno": 647}
{"timestamp": "2026-05-12 09:33:02", "level": "DEBUG", "logger": "celery.beat", "message": "beat: Waking up in 5.00 seconds.", "lineno": 647}
{"timestamp": "2026-05-12 09:33:07", "level": "DEBUG", "logger": "celery.beat", "message": "beat: Waking up in 5.00 seconds.", "lineno": 647}
{"timestamp": "2026-05-12 09:33:12", "level": "DEBUG", "logger": "celery.beat", "message": "beat: Waking up in 5.00 seconds.", "lineno": 647}
{"timestamp": "2026-05-12 09:33:18", "level": "DEBUG", "logger": "celery.beat", "message": "beat: Waking up in 5.00 seconds.", "lineno": 647}
{"timestamp": "2026-05-12 09:33:23", "level": "DEBUG", "logger": "celery.beat", "message": "beat: Waking up in 5.00 seconds.", "lineno": 647}
{"timestamp": "2026-05-12 09:33:28", "level": "DEBUG", "logger": "celery.beat", "message": "beat: Waking up in 5.00 seconds.", "lineno": 647}
{"timestamp": "2026-05-12 09:33:33", "level": "DEBUG", "logger": "celery.beat", "message": "beat: Waking up in 5.00 seconds.", "lineno": 647}
{"timestamp": "2026-05-12 09:33:38", "level": "DEBUG", "logger": "celery.beat", "message": "beat: Waking up in 5.00 seconds.", "lineno": 647}
{"timestamp": "2026-05-12 09:33:43", "level": "DEBUG", "logger": "celery.beat", "message": "beat: Waking up in 5.00 seconds.", "lineno": 647}
{"timestamp": "2026-05-12 09:33:48", "level": "DEBUG", "logger": "celery.beat", "message": "beat: Waking up in 5.00 seconds.", "lineno": 647}
{"timestamp": "2026-05-12 09:33:53", "level": "DEBUG", "logger": "celery.beat", "message": "beat: Waking up in 5.00 seconds.", "lineno": 647}
{"timestamp": "2026-05-12 09:33:58", "level": "DEBUG", "logger": "celery.beat", "message": "beat: Waking up in 5.00 seconds.", "lineno": 647}
{"timestamp": "2026-05-12 09:34:03", "level": "DEBUG", "logger": "celery.beat", "message": "beat: Waking up in 5.00 seconds.", "lineno": 647}
{"timestamp": "2026-05-12 09:34:08", "level": "DEBUG", "logger": "celery.beat", "message": "beat: Waking up in 5.00 seconds.", "lineno": 647}
{"timestamp": "2026-05-12 09:34:13", "level": "DEBUG", "logger": "celery.beat", "message": "beat: Waking up in 5.00 seconds.", "lineno": 647}
{"timestamp": "2026-05-12 09:34:18", "level": "DEBUG", "logger": "celery.beat", "message": "beat: Waking up in 5.00 seconds.", "lineno": 647}
{"timestamp": "2026-05-12 09:34:23", "level": "DEBUG", "logger": "celery.beat", "message": "beat: Waking up in 5.00 seconds.", "lineno": 647}
{"timestamp": "2026-05-12 09:34:28", "level": "DEBUG", "logger": "celery.beat", "message": "beat: Synchronizing schedule...", "lineno": 429}
{"timestamp": "2026-05-12 09:34:28", "level": "DEBUG", "logger": "celery.beat", "message": "beat: Waking up in 5.00 seconds.", "lineno": 647}
{"timestamp": "2026-05-12 09:34:33", "level": "DEBUG", "logger": "celery.beat", "message": "beat: Waking up in 5.00 seconds.", "lineno": 647}
{"timestamp": "2026-05-12 09:34:38", "level": "DEBUG", "logger": "celery.beat", "message": "beat: Waking up in 5.00 seconds.", "lineno": 647}
{"timestamp": "2026-05-12 09:34:43", "level": "DEBUG", "logger": "celery.beat", "message": "beat: Waking up in 5.00 seconds.", "lineno": 647}
{"timestamp": "2026-05-12 09:34:48", "level": "DEBUG", "logger": "celery.beat", "message": "beat: Waking up in 5.00 seconds.", "lineno": 647}
{"timestamp": "2026-05-12 09:34:53", "level": "DEBUG", "logger": "celery.beat", "message": "beat: Waking up in 5.00 seconds.", "lineno": 647}
{"timestamp": "2026-05-12 09:34:58", "level": "DEBUG", "logger": "celery.beat", "message": "beat: Waking up in 5.00 seconds.", "lineno": 647}
{"timestamp": "2026-05-12 09:35:03", "level": "DEBUG", "logger": "celery.beat", "message": "beat: Waking up in 5.00 seconds.", "lineno": 647}
{"timestamp": "2026-05-12 09:35:08", "level": "DEBUG", "logger": "celery.beat", "message": "beat: Waking up in 5.00 seconds.", "lineno": 647}
{"timestamp": "2026-05-12 09:35:13", "level": "DEBUG", "logger": "celery.beat", "message": "beat: Waking up in 5.00 seconds.", "lineno": 647}
{"timestamp": "2026-05-12 09:35:18", "level": "DEBUG", "logger": "celery.beat", "message": "beat: Waking up in 5.00 seconds.", "lineno": 647}
{"timestamp": "2026-05-12 09:35:23", "level": "DEBUG", "logger": "celery.beat", "message": "beat: Waking up in 5.00 seconds.", "lineno": 647}
{"timestamp": "2026-05-12 09:35:28", "level": "DEBUG", "logger": "celery.beat", "message": "beat: Waking up in 5.00 seconds.", "lineno": 647}
{"timestamp": "2026-05-12 09:35:33", "level": "DEBUG", "logger": "celery.beat", "message": "beat: Waking up in 5.00 seconds.", "lineno": 647}
{"timestamp": "2026-05-12 09:35:38", "level": "DEBUG", "logger": "celery.beat", "message": "beat: Waking up in 5.00 seconds.", "lineno": 647}
{"timestamp": "2026-05-12 09:35:43", "level": "DEBUG", "logger": "celery.beat", "message": "beat: Waking up in 5.00 seconds.", "lineno": 647}
{"timestamp": "2026-05-12 09:35:48", "level": "DEBUG", "logger": "celery.beat", "message": "beat: Waking up in 5.00 seconds.", "lineno": 647}
{"timestamp": "2026-05-12 09:35:53", "level": "DEBUG", "logger": "celery.beat", "message": "beat: Waking up in 5.00 seconds.", "lineno": 647}
{"timestamp": "2026-05-12 09:35:58", "level": "DEBUG", "logger": "celery.beat", "message": "beat: Waking up in 5.00 seconds.", "lineno": 647}
{"timestamp": "2026-05-12 09:36:03", "level": "DEBUG", "logger": "celery.beat", "message": "beat: Waking up in 5.00 seconds.", "lineno": 647}
{"timestamp": "2026-05-12 09:36:08", "level": "DEBUG", "logger": "celery.beat", "message": "beat: Waking up in 5.00 seconds.", "lineno": 647}
{"timestamp": "2026-05-12 09:36:13", "level": "DEBUG", "logger": "celery.beat", "message": "beat: Waking up in 5.00 seconds.", "lineno": 647}
{"timestamp": "2026-05-12 09:36:18", "level": "DEBUG", "logger": "celery.beat", "message": "beat: Waking up in 5.00 seconds.", "lineno": 647}
{"timestamp": "2026-05-12 09:36:23", "level": "DEBUG", "logger": "celery.beat", "message": "beat: Waking up in 5.00 seconds.", "lineno": 647}
{"timestamp": "2026-05-12 09:36:28", "level": "DEBUG", "logger": "celery.beat", "message": "beat: Waking up in 5.00 seconds.", "lineno": 647}
{"timestamp": "2026-05-12 09:36:33", "level": "DEBUG", "logger": "celery.beat", "message": "beat: Waking up in 5.00 seconds.", "lineno": 647}
{"timestamp": "2026-05-12 09:36:38", "level": "DEBUG", "logger": "celery.beat", "message": "beat: Waking up in 5.00 seconds.", "lineno": 647}
{"timestamp": "2026-05-12 09:36:43", "level": "DEBUG", "logger": "celery.beat", "message": "beat: Waking up in 5.00 seconds.", "lineno": 647}
{"timestamp": "2026-05-12 09:36:48", "level": "DEBUG", "logger": "celery.beat", "message": "beat: Waking up in 5.00 seconds.", "lineno": 647}
{"timestamp": "2026-05-12 09:36:53", "level": "DEBUG", "logger": "celery.beat", "message": "beat: Waking up in 5.00 seconds.", "lineno": 647}
{"timestamp": "2026-05-12 09:36:58", "level": "DEBUG", "logger": "celery.beat", "message": "beat: Waking up in 5.00 seconds.", "lineno": 647}
{"timestamp": "2026-05-12 09:37:04", "level": "DEBUG", "logger": "celery.beat", "message": "beat: Waking up in 5.00 seconds.", "lineno": 647}
{"timestamp": "2026-05-12 09:37:09", "level": "DEBUG", "logger": "celery.beat", "message": "beat: Waking up in 3.59 seconds.", "lineno": 647}
{"timestamp": "2026-05-12 09:37:12", "level": "INFO", "logger": "celery.beat", "message": "Scheduler: Sending due task generate-signals (signals.tasks.generate_signals)", "lineno": 280}
{"timestamp": "2026-05-12 09:37:12", "level": "DEBUG", "logger": "celery.beat", "message": "signals.tasks.generate_signals sent. id->41d3c35b-519e-4716-a33c-d698adcfec26", "lineno": 288}
{"timestamp": "2026-05-12 09:37:12", "level": "INFO", "logger": "celery.worker.strategy", "message": "Task signals.tasks.generate_signals[41d3c35b-519e-4716-a33c-d698adcfec26] received", "lineno": 161}
{"timestamp": "2026-05-12 09:37:12", "level": "DEBUG", "logger": "celery.pool", "message": "TaskPool: Apply <function fast_trace_task at 0xffffaefbd260> (args:('signals.tasks.generate_signals', '41d3c35b-519e-4716-a33c-d698adcfec26', {'lang': 'py', 'task': 'signals.tasks.generate_signals', 'id': '41d3c35b-519e-4716-a33c-d698adcfec26', 'shadow': None, 'eta': None, 'expires': None, 'group': None, 'group_index': None, 'retries': 0, 'timelimit': [None, None], 'root_id': '41d3c35b-519e-4716-a33c-d698adcfec26', 'parent_id': None, 'argsrepr': '()', 'kwargsrepr': '{}', 'origin': 'gen1@4bace727b285', 'ignore_result': False, 'replaced_task_nesting': 0, 'stamped_headers': None, 'stamps': {}, 'periodic_task_name': 'generate-signals', 'properties': {'correlation_id': '41d3c35b-519e-4716-a33c-d698adcfec26', 'reply_to': 'b552d340-9513-3e90-93eb-60f844f5ce13', 'delivery_mode': 2, 'delivery_info': {'exchange': '', 'routing_key': 'celery'}, 'priority': 0, 'body_encoding': 'base64', 'delivery_tag': 'a5192043-9459-4b63-b0f8-3df500b483ea'}, 'reply_to': 'b552d340-9513-3e90-93eb-60f844f5ce13', 'correlation_id': '41d3c35b-519e-4716-a33c-d698adcfec26', 'hostname': 'celery@ca0f68569e70',... kwargs:{})", "lineno": 149}
{"timestamp": "2026-05-12 09:37:12", "level": "INFO", "logger": "celery.beat", "message": "Scheduler: Sending due task check-price-alerts (alerts.tasks.check_price_alerts)", "lineno": 280}
{"timestamp": "2026-05-12 09:37:12", "level": "DEBUG", "logger": "celery.beat", "message": "alerts.tasks.check_price_alerts sent. id->b185bd7a-aae0-403e-83b1-d0b1b6c734b1", "lineno": 288}
{"timestamp": "2026-05-12 09:37:12", "level": "INFO", "logger": "celery.worker.strategy", "message": "Task alerts.tasks.check_price_alerts[b185bd7a-aae0-403e-83b1-d0b1b6c734b1] received", "lineno": 161}
{"timestamp": "2026-05-12 09:37:12", "level": "DEBUG", "logger": "celery.pool", "message": "TaskPool: Apply <function fast_trace_task at 0xffffaefbd260> (args:('alerts.tasks.check_price_alerts', 'b185bd7a-aae0-403e-83b1-d0b1b6c734b1', {'lang': 'py', 'task': 'alerts.tasks.check_price_alerts', 'id': 'b185bd7a-aae0-403e-83b1-d0b1b6c734b1', 'shadow': None, 'eta': None, 'expires': None, 'group': None, 'group_index': None, 'retries': 0, 'timelimit': [None, None], 'root_id': 'b185bd7a-aae0-403e-83b1-d0b1b6c734b1', 'parent_id': None, 'argsrepr': '()', 'kwargsrepr': '{}', 'origin': 'gen1@4bace727b285', 'ignore_result': False, 'replaced_task_nesting': 0, 'stamped_headers': None, 'stamps': {}, 'periodic_task_name': 'check-price-alerts', 'properties': {'correlation_id': 'b185bd7a-aae0-403e-83b1-d0b1b6c734b1', 'reply_to': 'b552d340-9513-3e90-93eb-60f844f5ce13', 'delivery_mode': 2, 'delivery_info': {'exchange': '', 'routing_key': 'celery'}, 'priority': 0, 'body_encoding': 'base64', 'delivery_tag': '98b784a1-332d-41df-8a0a-3950215577d2'}, 'reply_to': 'b552d340-9513-3e90-93eb-60f844f5ce13', 'correlation_id': 'b185bd7a-aae0-403e-83b1-d0b1b6c734b1', 'hostname':... kwargs:{})", "lineno": 149}
{"timestamp": "2026-05-12 09:37:12", "level": "INFO", "logger": "celery.app.trace", "message": "Task signals.tasks.generate_signals[41d3c35b-519e-4716-a33c-d698adcfec26] succeeded in 0.03944024999964313s: {'signals_created': 0, 'stocks_processed': 0, 'error': 'No module named \'signals.services.models\''}", "lineno": 128}
{"timestamp": "2026-05-12 09:37:12", "level": "DEBUG", "logger": "celery.beat", "message": "beat: Waking up in 5.00 seconds.", "lineno": 647}
{"timestamp": "2026-05-12 09:37:12", "level": "INFO", "logger": "celery.app.trace", "message": "Task alerts.tasks.check_price_alerts[b185bd7a-aae0-403e-83b1-d0b1b6c734b1] succeeded in 0.05481370799952856s: {'triggered_count': 0}", "lineno": 128}
{"timestamp": "2026-05-12 09:37:17", "level": "DEBUG", "logger": "celery.beat", "message": "beat: Waking up in 5.00 seconds.", "lineno": 647}
{"timestamp": "2026-05-12 09:37:22", "level": "DEBUG", "logger": "celery.beat", "message": "beat: Waking up in 5.00 seconds.", "lineno": 647}
{"timestamp": "2026-05-12 09:37:27", "level": "DEBUG", "logger": "celery.beat", "message": "beat: Waking up in 5.00 seconds.", "lineno": 647}
{"timestamp": "2026-05-12 09:37:32", "level": "DEBUG", "logger": "celery.beat", "message": "beat: Synchronizing schedule...", "lineno": 429}
{"timestamp": "2026-05-12 09:37:32", "level": "DEBUG", "logger": "celery.beat", "message": "beat: Waking up in 5.00 seconds.", "lineno": 647}
{"timestamp": "2026-05-12 09:37:37", "level": "DEBUG", "logger": "celery.beat", "message": "beat: Waking up in 5.00 seconds.", "lineno": 647}
{"timestamp": "2026-05-12 09:37:42", "level": "DEBUG", "logger": "celery.beat", "message": "beat: Waking up in 5.00 seconds.", "lineno": 647}
{"timestamp": "2026-05-12 09:37:47", "level": "DEBUG", "logger": "celery.beat", "message": "beat: Waking up in 5.00 seconds.", "lineno": 647}
{"timestamp": "2026-05-12 09:37:52", "level": "DEBUG", "logger": "celery.beat", "message": "beat: Waking up in 5.00 seconds.", "lineno": 647}
{"timestamp": "2026-05-12 09:37:57", "level": "DEBUG", "logger": "celery.beat", "message": "beat: Waking up in 5.00 seconds.", "lineno": 647}
{"timestamp": "2026-05-12 09:38:02", "level": "DEBUG", "logger": "celery.beat", "message": "beat: Waking up in 5.00 seconds.", "lineno": 647}
{"timestamp": "2026-05-12 09:38:07", "level": "DEBUG", "logger": "celery.beat", "message": "beat: Waking up in 5.00 seconds.", "lineno": 647}
{"timestamp": "2026-05-12 09:38:13", "level": "DEBUG", "logger": "celery.beat", "message": "beat: Waking up in 5.00 seconds.", "lineno": 647}
{"timestamp": "2026-05-12 09:38:18", "level": "DEBUG", "logger": "celery.beat", "message": "beat: Waking up in 5.00 seconds.", "lineno": 647}
{"timestamp": "2026-05-12 09:38:23", "level": "DEBUG", "logger": "celery.beat", "message": "beat: Waking up in 5.00 seconds.", "lineno": 647}
{"timestamp": "2026-05-12 09:38:28", "level": "DEBUG", "logger": "celery.beat", "message": "beat: Waking up in 5.00 seconds.", "lineno": 647}
{"timestamp": "2026-05-12 09:38:33", "level": "DEBUG", "logger": "celery.beat", "message": "beat: Waking up in 5.00 seconds.", "lineno": 647}
{"timestamp": "2026-05-12 09:38:38", "level": "DEBUG", "logger": "celery.beat", "message": "beat: Waking up in 5.00 seconds.", "lineno": 647}
{"timestamp": "2026-05-12 09:38:43", "level": "DEBUG", "logger": "celery.beat", "message": "beat: Waking up in 5.00 seconds.", "lineno": 647}
{"timestamp": "2026-05-12 09:38:48", "level": "DEBUG", "logger": "celery.beat", "message": "beat: Waking up in 5.00 seconds.", "lineno": 647}
{"timestamp": "2026-05-12 09:38:53", "level": "DEBUG", "logger": "celery.beat", "message": "beat: Waking up in 5.00 seconds.", "lineno": 647}
{"timestamp": "2026-05-12 09:38:58", "level": "DEBUG", "logger": "celery.beat", "message": "beat: Waking up in 5.00 seconds.", "lineno": 647}
{"timestamp": "2026-05-12 09:39:03", "level": "DEBUG", "logger": "celery.beat", "message": "beat: Waking up in 5.00 seconds.", "lineno": 647}
{"timestamp": "2026-05-12 09:39:08", "level": "DEBUG", "logger": "celery.beat", "message": "beat: Waking up in 5.00 seconds.", "lineno": 647}
{"timestamp": "2026-05-12 09:39:13", "level": "DEBUG", "logger": "celery.beat", "message": "beat: Waking up in 5.00 seconds.", "lineno": 647}
{"timestamp": "2026-05-12 09:39:18", "level": "DEBUG", "logger": "celery.beat", "message": "beat: Waking up in 5.00 seconds.", "lineno": 647}
{"timestamp": "2026-05-12 09:39:23", "level": "DEBUG", "logger": "celery.beat", "message": "beat: Waking up in 5.00 seconds.", "lineno": 647}
{"timestamp": "2026-05-12 09:39:28", "level": "DEBUG", "logger": "celery.beat", "message": "beat: Waking up in 5.00 seconds.", "lineno": 647}
{"timestamp": "2026-05-12 09:39:33", "level": "DEBUG", "logger": "celery.beat", "message": "beat: Waking up in 5.00 seconds.", "lineno": 647}
{"timestamp": "2026-05-12 09:39:38", "level": "DEBUG", "logger": "celery.bootsteps", "message": "| Worker: Closing Hub...", "lineno": 259}
{"timestamp": "2026-05-12 09:39:38", "level": "DEBUG", "logger": "celery.bootsteps", "message": "| Worker: Closing Pool...", "lineno": 259}
{"timestamp": "2026-05-12 09:39:38", "level": "DEBUG", "logger": "celery.bootsteps", "message": "| Worker: Closing Consumer...", "lineno": 259}
{"timestamp": "2026-05-12 09:39:38", "level": "DEBUG", "logger": "celery.bootsteps", "message": "| Worker: Stopping Consumer...", "lineno": 259}
{"timestamp": "2026-05-12 09:39:38", "level": "DEBUG", "logger": "celery.bootsteps", "message": "| Consumer: Closing Connection...", "lineno": 259}
{"timestamp": "2026-05-12 09:39:38", "level": "DEBUG", "logger": "celery.bootsteps", "message": "| Consumer: Closing Events...", "lineno": 259}
{"timestamp": "2026-05-12 09:39:38", "level": "DEBUG", "logger": "celery.bootsteps", "message": "| Consumer: Closing Mingle...", "lineno": 259}
{"timestamp": "2026-05-12 09:39:38", "level": "DEBUG", "logger": "celery.bootsteps", "message": "| Consumer: Closing Tasks...", "lineno": 259}
{"timestamp": "2026-05-12 09:39:38", "level": "DEBUG", "logger": "celery.bootsteps", "message": "| Consumer: Closing Heart...", "lineno": 259}
{"timestamp": "2026-05-12 09:39:38", "level": "DEBUG", "logger": "celery.bootsteps", "message": "| Consumer: Closing Control...", "lineno": 259}
{"timestamp": "2026-05-12 09:39:38", "level": "DEBUG", "logger": "celery.bootsteps", "message": "| Consumer: Closing Gossip...", "lineno": 259}
{"timestamp": "2026-05-12 09:39:38", "level": "DEBUG", "logger": "celery.bootsteps", "message": "| Consumer: Closing event loop...", "lineno": 259}
{"timestamp": "2026-05-12 09:39:38", "level": "DEBUG", "logger": "celery.bootsteps", "message": "| Consumer: Stopping event loop...", "lineno": 259}
{"timestamp": "2026-05-12 09:39:38", "level": "DEBUG", "logger": "celery.bootsteps", "message": "| Consumer: Stopping Gossip...", "lineno": 259}
{"timestamp": "2026-05-12 09:39:38", "level": "DEBUG", "logger": "celery.bootsteps", "message": "| Consumer: Stopping Control...", "lineno": 259}
{"timestamp": "2026-05-12 09:39:38", "level": "DEBUG", "logger": "celery.bootsteps", "message": "| Consumer: Stopping Heart...", "lineno": 259}
{"timestamp": "2026-05-12 09:39:38", "level": "DEBUG", "logger": "celery.bootsteps", "message": "| Consumer: Stopping Tasks...", "lineno": 259}
{"timestamp": "2026-05-12 09:39:38", "level": "DEBUG", "logger": "celery.worker.consumer.tasks", "message": "Canceling task consumer...", "lineno": 83}
{"timestamp": "2026-05-12 09:39:38", "level": "DEBUG", "logger": "celery.bootsteps", "message": "| Consumer: Stopping Mingle...", "lineno": 259}
{"timestamp": "2026-05-12 09:39:38", "level": "DEBUG", "logger": "celery.bootsteps", "message": "| Consumer: Stopping Events...", "lineno": 259}
{"timestamp": "2026-05-12 09:39:38", "level": "DEBUG", "logger": "celery.bootsteps", "message": "| Consumer: Stopping Connection...", "lineno": 259}
{"timestamp": "2026-05-12 09:39:38", "level": "DEBUG", "logger": "celery.bootsteps", "message": "| Worker: Stopping Pool...", "lineno": 259}
{"timestamp": "2026-05-12 09:39:56", "level": "DEBUG", "logger": "celery.utils.functional", "message": "
def generate_daily_recap(self, days=0):
    return 1
", "lineno": 375}
{"timestamp": "2026-05-12 09:39:56", "level": "DEBUG", "logger": "celery.utils.functional", "message": "
def chord(self, header, body, partial_args=0, interval=1, countdown=2, max_retries=3, eager=4, **kwargs):
    return 1
", "lineno": 375}
{"timestamp": "2026-05-12 09:39:56", "level": "DEBUG", "logger": "celery.utils.functional", "message": "
def unlock_chord(self, group_id, callback, interval=0, max_retries=1, result=2, Result=3, GroupResult=4, result_from_tuple=5, **kwargs):
    return 1
", "lineno": 375}
{"timestamp": "2026-05-12 09:39:56", "level": "DEBUG", "logger": "celery.utils.functional", "message": "
def accumulate(self, *args, **kwargs):
    return 1
", "lineno": 375}
{"timestamp": "2026-05-12 09:39:56", "level": "DEBUG", "logger": "celery.utils.functional", "message": "
def generate_signals(self):
    return 1
", "lineno": 375}
{"timestamp": "2026-05-12 09:39:56", "level": "DEBUG", "logger": "celery.utils.functional", "message": "
def xmap(task, it):
    return 1
", "lineno": 375}
{"timestamp": "2026-05-12 09:39:56", "level": "DEBUG", "logger": "celery.utils.functional", "message": "
def aggregate_signal_performance(self):
    return 1
", "lineno": 375}
{"timestamp": "2026-05-12 09:39:56", "level": "DEBUG", "logger": "celery.utils.functional", "message": "
def xstarmap(task, it):
    return 1
", "lineno": 375}
{"timestamp": "2026-05-12 09:39:56", "level": "DEBUG", "logger": "celery.utils.functional", "message": "
def generate_market_summary(self, days=0):
    return 1
", "lineno": 375}
{"timestamp": "2026-05-12 09:39:56", "level": "DEBUG", "logger": "celery.utils.functional", "message": "
def chunks(task, it, n):
    return 1
", "lineno": 375}
{"timestamp": "2026-05-12 09:39:56", "level": "DEBUG", "logger": "celery.utils.functional", "message": "
def check_price_alerts(self):
    return 1
", "lineno": 375}
{"timestamp": "2026-05-12 09:39:56", "level": "DEBUG", "logger": "celery.utils.functional", "message": "
def queue_signal_notifications(self, signal_id):
    return 1
", "lineno": 375}
{"timestamp": "2026-05-12 09:39:56", "level": "DEBUG", "logger": "celery.utils.functional", "message": "
def group(self, tasks, result, group_id, partial_args, add_to_parent=0):
    return 1
", "lineno": 375}
{"timestamp": "2026-05-12 09:39:56", "level": "DEBUG", "logger": "celery.utils.functional", "message": "
def backend_cleanup():
    return 1
", "lineno": 375}
{"timestamp": "2026-05-12 09:39:56", "level": "DEBUG", "logger": "celery.utils.functional", "message": "
def chain(*args, **kwargs):
    return 1
", "lineno": 375}
{"timestamp": "2026-05-12 09:39:56", "level": "DEBUG", "logger": "celery.utils.functional", "message": "
def cleanup_old_signals(self, days=0):
    return 1
", "lineno": 375}
{"timestamp": "2026-05-12 09:40:02", "level": "DEBUG", "logger": "celery.utils.functional", "message": "
def queue_signal_notifications(self, signal_id):
    return 1
", "lineno": 375}
{"timestamp": "2026-05-12 09:40:02", "level": "DEBUG", "logger": "celery.utils.functional", "message": "
def chord(self, header, body, partial_args=0, interval=1, countdown=2, max_retries=3, eager=4, **kwargs):
    return 1
", "lineno": 375}
{"timestamp": "2026-05-12 09:40:02", "level": "DEBUG", "logger": "celery.utils.functional", "message": "
def unlock_chord(self, group_id, callback, interval=0, max_retries=1, result=2, Result=3, GroupResult=4, result_from_tuple=5, **kwargs):
    return 1
", "lineno": 375}
{"timestamp": "2026-05-12 09:40:02", "level": "DEBUG", "logger": "celery.utils.functional", "message": "
def cleanup_old_signals(self, days=0):
    return 1
", "lineno": 375}
{"timestamp": "2026-05-12 09:40:02", "level": "DEBUG", "logger": "celery.utils.functional", "message": "
def xmap(task, it):
    return 1
", "lineno": 375}
{"timestamp": "2026-05-12 09:40:02", "level": "DEBUG", "logger": "celery.utils.functional", "message": "
def generate_daily_recap(self, days=0):
    return 1
", "lineno": 375}
{"timestamp": "2026-05-12 09:40:02", "level": "DEBUG", "logger": "celery.utils.functional", "message": "
def xstarmap(task, it):
    return 1
", "lineno": 375}
{"timestamp": "2026-05-12 09:40:02", "level": "DEBUG", "logger": "celery.utils.functional", "message": "
def generate_signals(self):
    return 1
", "lineno": 375}
{"timestamp": "2026-05-12 09:40:02", "level": "DEBUG", "logger": "celery.utils.functional", "message": "
def chunks(task, it, n):
    return 1
", "lineno": 375}
{"timestamp": "2026-05-12 09:40:02", "level": "DEBUG", "logger": "celery.utils.functional", "message": "
def aggregate_signal_performance(self):
    return 1
", "lineno": 375}
{"timestamp": "2026-05-12 09:40:02", "level": "DEBUG", "logger": "celery.utils.functional", "message": "
def group(self, tasks, result, group_id, partial_args, add_to_parent=0):
    return 1
", "lineno": 375}
{"timestamp": "2026-05-12 09:40:02", "level": "DEBUG", "logger": "celery.utils.functional", "message": "
def backend_cleanup():
    return 1
", "lineno": 375}
{"timestamp": "2026-05-12 09:40:02", "level": "DEBUG", "logger": "celery.utils.functional", "message": "
def generate_market_summary(self, days=0):
    return 1
", "lineno": 375}
{"timestamp": "2026-05-12 09:40:02", "level": "DEBUG", "logger": "celery.utils.functional", "message": "
def check_price_alerts(self):
    return 1
", "lineno": 375}
{"timestamp": "2026-05-12 09:40:02", "level": "DEBUG", "logger": "celery.utils.functional", "message": "
def chain(*args, **kwargs):
    return 1
", "lineno": 375}
{"timestamp": "2026-05-12 09:40:02", "level": "DEBUG", "logger": "celery.utils.functional", "message": "
def accumulate(self, *args, **kwargs):
    return 1
", "lineno": 375}
{"timestamp": "2026-05-12 09:40:02", "level": "DEBUG", "logger": "celery.beat", "message": "Setting default socket timeout to 30", "lineno": 108}
{"timestamp": "2026-05-12 09:40:02", "level": "INFO", "logger": "celery.beat", "message": "beat: Starting...", "lineno": 634}
{"timestamp": "2026-05-12 09:40:02", "level": "DEBUG", "logger": "celery.utils.functional", "message": "
def cleanup_old_signals(self, days=0):
    return 1
", "lineno": 375}
{"timestamp": "2026-05-12 09:40:02", "level": "DEBUG", "logger": "celery.utils.functional", "message": "
def generate_daily_recap(self, days=0):
    return 1
", "lineno": 375}
{"timestamp": "2026-05-12 09:40:02", "level": "DEBUG", "logger": "celery.utils.functional", "message": "
def chord(self, header, body, partial_args=0, interval=1, countdown=2, max_retries=3, eager=4, **kwargs):
    return 1
", "lineno": 375}
{"timestamp": "2026-05-12 09:40:02", "level": "DEBUG", "logger": "celery.utils.functional", "message": "
def unlock_chord(self, group_id, callback, interval=0, max_retries=1, result=2, Result=3, GroupResult=4, result_from_tuple=5, **kwargs):
    return 1
", "lineno": 375}
{"timestamp": "2026-05-12 09:40:02", "level": "DEBUG", "logger": "celery.utils.functional", "message": "
def generate_signals(self):
    return 1
", "lineno": 375}
{"timestamp": "2026-05-12 09:40:02", "level": "DEBUG", "logger": "celery.utils.functional", "message": "
def xmap(task, it):
    return 1
", "lineno": 375}
{"timestamp": "2026-05-12 09:40:02", "level": "DEBUG", "logger": "celery.utils.functional", "message": "
def aggregate_signal_performance(self):
    return 1
", "lineno": 375}
{"timestamp": "2026-05-12 09:40:02", "level": "DEBUG", "logger": "celery.utils.functional", "message": "
def xstarmap(task, it):
    return 1
", "lineno": 375}
{"timestamp": "2026-05-12 09:40:02", "level": "DEBUG", "logger": "celery.utils.functional", "message": "
def generate_market_summary(self, days=0):
    return 1
", "lineno": 375}
{"timestamp": "2026-05-12 09:40:02", "level": "DEBUG", "logger": "celery.utils.functional", "message": "
def chunks(task, it, n):
    return 1
", "lineno": 375}
{"timestamp": "2026-05-12 09:40:02", "level": "DEBUG", "logger": "celery.utils.functional", "message": "
def check_price_alerts(self):
    return 1
", "lineno": 375}
{"timestamp": "2026-05-12 09:40:02", "level": "DEBUG", "logger": "celery.utils.functional", "message": "
def queue_signal_notifications(self, signal_id):
    return 1
", "lineno": 375}
{"timestamp": "2026-05-12 09:40:02", "level": "DEBUG", "logger": "celery.utils.functional", "message": "
def group(self, tasks, result, group_id, partial_args, add_to_parent=0):
    return 1
", "lineno": 375}
{"timestamp": "2026-05-12 09:40:02", "level": "DEBUG", "logger": "celery.utils.functional", "message": "
def backend_cleanup():
    return 1
", "lineno": 375}
{"timestamp": "2026-05-12 09:40:02", "level": "DEBUG", "logger": "celery.utils.functional", "message": "
def chain(*args, **kwargs):
    return 1
", "lineno": 375}
{"timestamp": "2026-05-12 09:40:02", "level": "DEBUG", "logger": "celery.utils.functional", "message": "
def accumulate(self, *args, **kwargs):
    return 1
", "lineno": 375}
{"timestamp": "2026-05-12 09:40:02", "level": "DEBUG", "logger": "celery.bootsteps", "message": "| Worker: Preparing bootsteps.", "lineno": 259}
{"timestamp": "2026-05-12 09:40:02", "level": "DEBUG", "logger": "celery.bootsteps", "message": "| Worker: Building graph...", "lineno": 259}
{"timestamp": "2026-05-12 09:40:02", "level": "DEBUG", "logger": "celery.bootsteps", "message": "| Worker: New boot order: {Timer, Hub, Pool, Autoscaler, Beat, StateDB, Consumer}", "lineno": 259}
{"timestamp": "2026-05-12 09:40:02", "level": "DEBUG", "logger": "celery.bootsteps", "message": "| Consumer: Preparing bootsteps.", "lineno": 259}
{"timestamp": "2026-05-12 09:40:02", "level": "DEBUG", "logger": "celery.bootsteps", "message": "| Consumer: Building graph...", "lineno": 259}
{"timestamp": "2026-05-12 09:40:02", "level": "DEBUG", "logger": "celery.bootsteps", "message": "| Consumer: New boot order: {Connection, Agent, Events, Mingle, Tasks, DelayedDelivery, Heart, Gossip, Control, event loop}", "lineno": 259}
{"timestamp": "2026-05-12 09:40:02", "level": "DEBUG", "logger": "celery.bootsteps", "message": "| Worker: Starting Hub", "lineno": 259}
{"timestamp": "2026-05-12 09:40:02", "level": "DEBUG", "logger": "celery.bootsteps", "message": "^-- substep ok", "lineno": 117}
{"timestamp": "2026-05-12 09:40:02", "level": "DEBUG", "logger": "celery.bootsteps", "message": "| Worker: Starting Pool", "lineno": 259}
{"timestamp": "2026-05-12 09:40:02", "level": "DEBUG", "logger": "celery.beat", "message": "beat: Ticking with max interval->5.00 seconds", "lineno": 635}
{"timestamp": "2026-05-12 09:40:02", "level": "DEBUG", "logger": "celery.beat", "message": "beat: Waking up in 5.00 seconds.", "lineno": 647}
{"timestamp": "2026-05-12 09:40:02", "level": "DEBUG", "logger": "celery.bootsteps", "message": "^-- substep ok", "lineno": 117}
{"timestamp": "2026-05-12 09:40:02", "level": "DEBUG", "logger": "celery.bootsteps", "message": "| Worker: Starting Consumer", "lineno": 259}
{"timestamp": "2026-05-12 09:40:02", "level": "DEBUG", "logger": "celery.bootsteps", "message": "| Consumer: Starting Connection", "lineno": 259}
{"timestamp": "2026-05-12 09:40:02", "level": "INFO", "logger": "celery.worker.consumer.connection", "message": "Connected to redis://redis:6379/0", "lineno": 22}
{"timestamp": "2026-05-12 09:40:02", "level": "DEBUG", "logger": "celery.bootsteps", "message": "^-- substep ok", "lineno": 117}
{"timestamp": "2026-05-12 09:40:02", "level": "DEBUG", "logger": "celery.bootsteps", "message": "| Consumer: Starting Events", "lineno": 259}
{"timestamp": "2026-05-12 09:40:02", "level": "DEBUG", "logger": "celery.bootsteps", "message": "^-- substep ok", "lineno": 117}
{"timestamp": "2026-05-12 09:40:02", "level": "DEBUG", "logger": "celery.bootsteps", "message": "| Consumer: Starting Mingle", "lineno": 259}
{"timestamp": "2026-05-12 09:40:02", "level": "INFO", "logger": "celery.worker.consumer.mingle", "message": "mingle: searching for neighbors", "lineno": 40}
{"timestamp": "2026-05-12 09:40:03", "level": "INFO", "logger": "celery.worker.consumer.mingle", "message": "mingle: all alone", "lineno": 49}
{"timestamp": "2026-05-12 09:40:03", "level": "DEBUG", "logger": "celery.bootsteps", "message": "^-- substep ok", "lineno": 117}
{"timestamp": "2026-05-12 09:40:03", "level": "DEBUG", "logger": "celery.bootsteps", "message": "| Consumer: Starting Tasks", "lineno": 259}
{"timestamp": "2026-05-12 09:40:03", "level": "DEBUG", "logger": "celery.bootsteps", "message": "^-- substep ok", "lineno": 117}
{"timestamp": "2026-05-12 09:40:03", "level": "DEBUG", "logger": "celery.bootsteps", "message": "| Consumer: Starting Heart", "lineno": 259}
{"timestamp": "2026-05-12 09:40:03", "level": "DEBUG", "logger": "celery.bootsteps", "message": "^-- substep ok", "lineno": 117}
{"timestamp": "2026-05-12 09:40:03", "level": "DEBUG", "logger": "celery.bootsteps", "message": "| Consumer: Starting Gossip", "lineno": 259}
{"timestamp": "2026-05-12 09:40:03", "level": "DEBUG", "logger": "celery.bootsteps", "message": "^-- substep ok", "lineno": 117}
{"timestamp": "2026-05-12 09:40:03", "level": "DEBUG", "logger": "celery.bootsteps", "message": "| Consumer: Starting Control", "lineno": 259}
{"timestamp": "2026-05-12 09:40:03", "level": "DEBUG", "logger": "celery.bootsteps", "message": "^-- substep ok", "lineno": 117}
{"timestamp": "2026-05-12 09:40:03", "level": "DEBUG", "logger": "celery.bootsteps", "message": "| Consumer: Starting event loop", "lineno": 259}
{"timestamp": "2026-05-12 09:40:03", "level": "DEBUG", "logger": "celery.bootsteps", "message": "| Worker: Hub.register Pool...", "lineno": 259}
{"timestamp": "2026-05-12 09:40:03", "level": "INFO", "logger": "celery.apps.worker", "message": "celery@ca0f68569e70 ready.", "lineno": 182}
{"timestamp": "2026-05-12 09:40:06", "level": "INFO", "logger": "celery.worker.control", "message": "Events of group {task} enabled by remote.", "lineno": 350}
{"timestamp": "2026-05-12 09:40:07", "level": "DEBUG", "logger": "celery.beat", "message": "beat: Synchronizing schedule...", "lineno": 429}
{"timestamp": "2026-05-12 09:40:07", "level": "DEBUG", "logger": "celery.beat", "message": "beat: Waking up in 5.00 seconds.", "lineno": 647}
{"timestamp": "2026-05-12 09:40:12", "level": "DEBUG", "logger": "celery.beat", "message": "beat: Waking up in 5.00 seconds.", "lineno": 647}
{"timestamp": "2026-05-12 09:40:17", "level": "DEBUG", "logger": "celery.beat", "message": "beat: Waking up in 5.00 seconds.", "lineno": 647}
{"timestamp": "2026-05-12 09:40:22", "level": "DEBUG", "logger": "celery.beat", "message": "beat: Waking up in 5.00 seconds.", "lineno": 647}
{"timestamp": "2026-05-12 09:40:27", "level": "DEBUG", "logger": "celery.beat", "message": "beat: Waking up in 5.00 seconds.", "lineno": 647}
{"timestamp": "2026-05-12 09:40:32", "level": "DEBUG", "logger": "celery.beat", "message": "beat: Waking up in 5.00 seconds.", "lineno": 647}
{"timestamp": "2026-05-12 09:40:37", "level": "DEBUG", "logger": "celery.beat", "message": "beat: Waking up in 5.00 seconds.", "lineno": 647}
{"timestamp": "2026-05-12 09:40:42", "level": "DEBUG", "logger": "celery.beat", "message": "beat: Waking up in 5.00 seconds.", "lineno": 647}
{"timestamp": "2026-05-12 09:40:47", "level": "DEBUG", "logger": "celery.beat", "message": "beat: Waking up in 5.00 seconds.", "lineno": 647}
{"timestamp": "2026-05-12 09:40:52", "level": "DEBUG", "logger": "celery.beat", "message": "beat: Waking up in 5.00 seconds.", "lineno": 647}
{"timestamp": "2026-05-12 09:40:57", "level": "DEBUG", "logger": "celery.beat", "message": "beat: Waking up in 5.00 seconds.", "lineno": 647}
{"timestamp": "2026-05-12 09:41:02", "level": "DEBUG", "logger": "celery.beat", "message": "beat: Waking up in 5.00 seconds.", "lineno": 647}
{"timestamp": "2026-05-12 09:41:07", "level": "DEBUG", "logger": "celery.beat", "message": "beat: Waking up in 5.00 seconds.", "lineno": 647}
{"timestamp": "2026-05-12 09:41:12", "level": "DEBUG", "logger": "celery.beat", "message": "beat: Waking up in 5.00 seconds.", "lineno": 647}
{"timestamp": "2026-05-12 09:41:17", "level": "DEBUG", "logger": "celery.beat", "message": "beat: Waking up in 5.00 seconds.", "lineno": 647}
{"timestamp": "2026-05-12 09:41:22", "level": "DEBUG", "logger": "celery.beat", "message": "beat: Waking up in 5.00 seconds.", "lineno": 647}
{"timestamp": "2026-05-12 09:41:27", "level": "DEBUG", "logger": "celery.beat", "message": "beat: Waking up in 5.00 seconds.", "lineno": 647}
{"timestamp": "2026-05-12 09:41:32", "level": "DEBUG", "logger": "celery.beat", "message": "beat: Waking up in 5.00 seconds.", "lineno": 647}
{"timestamp": "2026-05-12 09:41:37", "level": "DEBUG", "logger": "celery.beat", "message": "beat: Waking up in 5.00 seconds.", "lineno": 647}
{"timestamp": "2026-05-12 09:41:42", "level": "DEBUG", "logger": "celery.beat", "message": "beat: Waking up in 5.00 seconds.", "lineno": 647}
{"timestamp": "2026-05-12 09:41:47", "level": "DEBUG", "logger": "celery.beat", "message": "beat: Waking up in 5.00 seconds.", "lineno": 647}
{"timestamp": "2026-05-12 09:41:52", "level": "DEBUG", "logger": "celery.beat", "message": "beat: Waking up in 5.00 seconds.", "lineno": 647}
{"timestamp": "2026-05-12 09:41:57", "level": "DEBUG", "logger": "celery.beat", "message": "beat: Waking up in 5.00 seconds.", "lineno": 647}
{"timestamp": "2026-05-12 09:42:02", "level": "DEBUG", "logger": "celery.beat", "message": "beat: Waking up in 5.00 seconds.", "lineno": 647}
{"timestamp": "2026-05-12 09:42:07", "level": "DEBUG", "logger": "celery.beat", "message": "beat: Waking up in 4.89 seconds.", "lineno": 647}
{"timestamp": "2026-05-12 09:42:12", "level": "INFO", "logger": "celery.beat", "message": "Scheduler: Sending due task check-price-alerts (alerts.tasks.check_price_alerts)", "lineno": 280}
{"timestamp": "2026-05-12 09:42:12", "level": "DEBUG", "logger": "celery.beat", "message": "alerts.tasks.check_price_alerts sent. id->4a01963d-d11d-4f94-9fd0-86548656d102", "lineno": 288}
{"timestamp": "2026-05-12 09:42:12", "level": "INFO", "logger": "celery.worker.strategy", "message": "Task alerts.tasks.check_price_alerts[4a01963d-d11d-4f94-9fd0-86548656d102] received", "lineno": 161}
{"timestamp": "2026-05-12 09:42:12", "level": "DEBUG", "logger": "celery.pool", "message": "TaskPool: Apply <function fast_trace_task at 0xffffb16bd260> (args:('alerts.tasks.check_price_alerts', '4a01963d-d11d-4f94-9fd0-86548656d102', {'lang': 'py', 'task': 'alerts.tasks.check_price_alerts', 'id': '4a01963d-d11d-4f94-9fd0-86548656d102', 'shadow': None, 'eta': None, 'expires': None, 'group': None, 'group_index': None, 'retries': 0, 'timelimit': [None, None], 'root_id': '4a01963d-d11d-4f94-9fd0-86548656d102', 'parent_id': None, 'argsrepr': '()', 'kwargsrepr': '{}', 'origin': 'gen1@4bace727b285', 'ignore_result': False, 'replaced_task_nesting': 0, 'stamped_headers': None, 'stamps': {}, 'periodic_task_name': 'check-price-alerts', 'properties': {'correlation_id': '4a01963d-d11d-4f94-9fd0-86548656d102', 'reply_to': '798a356a-aa85-37f0-8d22-25edff947468', 'delivery_mode': 2, 'delivery_info': {'exchange': '', 'routing_key': 'celery'}, 'priority': 0, 'body_encoding': 'base64', 'delivery_tag': 'f732b1bd-c7da-4918-8e9b-ac2647df0e0a'}, 'reply_to': '798a356a-aa85-37f0-8d22-25edff947468', 'correlation_id': '4a01963d-d11d-4f94-9fd0-86548656d102', 'hostname':... kwargs:{})", "lineno": 149}
{"timestamp": "2026-05-12 09:42:12", "level": "DEBUG", "logger": "celery.beat", "message": "beat: Waking up in 5.00 seconds.", "lineno": 647}
{"timestamp": "2026-05-12 09:42:12", "level": "INFO", "logger": "celery.app.trace", "message": "Task alerts.tasks.check_price_alerts[4a01963d-d11d-4f94-9fd0-86548656d102] succeeded in 0.044217915999979596s: {'triggered_count': 0}", "lineno": 128}
{"timestamp": "2026-05-12 09:42:17", "level": "DEBUG", "logger": "celery.beat", "message": "beat: Waking up in 5.00 seconds.", "lineno": 647}
{"timestamp": "2026-05-12 09:42:22", "level": "DEBUG", "logger": "celery.beat", "message": "beat: Waking up in 5.00 seconds.", "lineno": 647}
{"timestamp": "2026-05-12 09:42:27", "level": "DEBUG", "logger": "celery.beat", "message": "beat: Waking up in 5.00 seconds.", "lineno": 647}
{"timestamp": "2026-05-12 09:42:32", "level": "DEBUG", "logger": "celery.beat", "message": "beat: Waking up in 5.00 seconds.", "lineno": 647}
{"timestamp": "2026-05-12 09:42:37", "level": "DEBUG", "logger": "celery.beat", "message": "beat: Waking up in 5.00 seconds.", "lineno": 647}
{"timestamp": "2026-05-12 09:42:42", "level": "DEBUG", "logger": "celery.beat", "message": "beat: Waking up in 5.00 seconds.", "lineno": 647}
{"timestamp": "2026-05-12 09:42:47", "level": "DEBUG", "logger": "celery.beat", "message": "beat: Waking up in 5.00 seconds.", "lineno": 647}
{"timestamp": "2026-05-12 09:42:52", "level": "DEBUG", "logger": "celery.beat", "message": "beat: Waking up in 5.00 seconds.", "lineno": 647}
{"timestamp": "2026-05-12 09:42:57", "level": "DEBUG", "logger": "celery.beat", "message": "beat: Waking up in 5.00 seconds.", "lineno": 647}
{"timestamp": "2026-05-12 09:43:02", "level": "DEBUG", "logger": "celery.beat", "message": "beat: Waking up in 5.00 seconds.", "lineno": 647}
{"timestamp": "2026-05-12 09:43:07", "level": "DEBUG", "logger": "celery.beat", "message": "beat: Synchronizing schedule...", "lineno": 429}
{"timestamp": "2026-05-12 09:43:07", "level": "DEBUG", "logger": "celery.beat", "message": "beat: Waking up in 5.00 seconds.", "lineno": 647}
{"timestamp": "2026-05-12 09:43:13", "level": "DEBUG", "logger": "celery.beat", "message": "beat: Waking up in 5.00 seconds.", "lineno": 647}
{"timestamp": "2026-05-12 09:43:18", "level": "DEBUG", "logger": "celery.beat", "message": "beat: Waking up in 5.00 seconds.", "lineno": 647}
{"timestamp": "2026-05-12 09:43:23", "level": "DEBUG", "logger": "celery.beat", "message": "beat: Waking up in 5.00 seconds.", "lineno": 647}
{"timestamp": "2026-05-12 09:43:28", "level": "DEBUG", "logger": "celery.beat", "message": "beat: Waking up in 5.00 seconds.", "lineno": 647}
{"timestamp": "2026-05-12 09:43:33", "level": "DEBUG", "logger": "celery.beat", "message": "beat: Waking up in 5.00 seconds.", "lineno": 647}
{"timestamp": "2026-05-12 09:43:38", "level": "DEBUG", "logger": "celery.beat", "message": "beat: Waking up in 5.00 seconds.", "lineno": 647}
{"timestamp": "2026-05-12 09:43:43", "level": "DEBUG", "logger": "celery.beat", "message": "beat: Waking up in 5.00 seconds.", "lineno": 647}
{"timestamp": "2026-05-12 09:43:48", "level": "DEBUG", "logger": "celery.beat", "message": "beat: Waking up in 5.00 seconds.", "lineno": 647}
{"timestamp": "2026-05-12 09:43:53", "level": "DEBUG", "logger": "celery.beat", "message": "beat: Waking up in 5.00 seconds.", "lineno": 647}
{"timestamp": "2026-05-12 09:43:58", "level": "DEBUG", "logger": "celery.beat", "message": "beat: Waking up in 5.00 seconds.", "lineno": 647}
{"timestamp": "2026-05-12 09:44:03", "level": "DEBUG", "logger": "celery.beat", "message": "beat: Waking up in 5.00 seconds.", "lineno": 647}
{"timestamp": "2026-05-12 09:44:08", "level": "DEBUG", "logger": "celery.beat", "message": "beat: Waking up in 5.00 seconds.", "lineno": 647}
{"timestamp": "2026-05-12 09:44:13", "level": "DEBUG", "logger": "celery.beat", "message": "beat: Waking up in 5.00 seconds.", "lineno": 647}
{"timestamp": "2026-05-12 09:44:18", "level": "DEBUG", "logger": "celery.beat", "message": "beat: Waking up in 5.00 seconds.", "lineno": 647}
{"timestamp": "2026-05-12 09:44:23", "level": "DEBUG", "logger": "celery.beat", "message": "beat: Waking up in 5.00 seconds.", "lineno": 647}
{"timestamp": "2026-05-12 09:44:28", "level": "DEBUG", "logger": "celery.beat", "message": "beat: Waking up in 5.00 seconds.", "lineno": 647}
{"timestamp": "2026-05-12 09:44:33", "level": "DEBUG", "logger": "celery.beat", "message": "beat: Waking up in 5.00 seconds.", "lineno": 647}
{"timestamp": "2026-05-12 09:44:38", "level": "DEBUG", "logger": "celery.beat", "message": "beat: Waking up in 5.00 seconds.", "lineno": 647}
{"timestamp": "2026-05-12 09:44:43", "level": "DEBUG", "logger": "celery.beat", "message": "beat: Waking up in 5.00 seconds.", "lineno": 647}
{"timestamp": "2026-05-12 09:44:48", "level": "DEBUG", "logger": "celery.beat", "message": "beat: Waking up in 5.00 seconds.", "lineno": 647}
{"timestamp": "2026-05-12 09:44:53", "level": "DEBUG", "logger": "celery.beat", "message": "beat: Waking up in 5.00 seconds.", "lineno": 647}
{"timestamp": "2026-05-12 09:44:58", "level": "DEBUG", "logger": "celery.beat", "message": "beat: Waking up in 5.00 seconds.", "lineno": 647}
{"timestamp": "2026-05-12 09:45:03", "level": "DEBUG", "logger": "celery.beat", "message": "beat: Waking up in 5.00 seconds.", "lineno": 647}
{"timestamp": "2026-05-12 09:45:08", "level": "DEBUG", "logger": "celery.beat", "message": "beat: Waking up in 5.00 seconds.", "lineno": 647}
{"timestamp": "2026-05-12 09:45:13", "level": "DEBUG", "logger": "celery.beat", "message": "beat: Waking up in 5.00 seconds.", "lineno": 647}
{"timestamp": "2026-05-12 09:45:18", "level": "DEBUG", "logger": "celery.beat", "message": "beat: Waking up in 5.00 seconds.", "lineno": 647}
{"timestamp": "2026-05-12 09:45:23", "level": "DEBUG", "logger": "celery.beat", "message": "beat: Waking up in 5.00 seconds.", "lineno": 647}
{"timestamp": "2026-05-12 09:45:28", "level": "DEBUG", "logger": "celery.beat", "message": "beat: Waking up in 5.00 seconds.", "lineno": 647}
{"timestamp": "2026-05-12 09:45:33", "level": "DEBUG", "logger": "celery.beat", "message": "beat: Waking up in 5.00 seconds.", "lineno": 647}
{"timestamp": "2026-05-12 09:45:38", "level": "DEBUG", "logger": "celery.beat", "message": "beat: Waking up in 5.00 seconds.", "lineno": 647}
{"timestamp": "2026-05-12 09:45:43", "level": "DEBUG", "logger": "celery.beat", "message": "beat: Waking up in 5.00 seconds.", "lineno": 647}
{"timestamp": "2026-05-12 09:45:48", "level": "DEBUG", "logger": "celery.beat", "message": "beat: Waking up in 5.00 seconds.", "lineno": 647}
{"timestamp": "2026-05-12 09:45:53", "level": "DEBUG", "logger": "celery.beat", "message": "beat: Waking up in 5.00 seconds.", "lineno": 647}
{"timestamp": "2026-05-12 09:45:58", "level": "DEBUG", "logger": "celery.beat", "message": "beat: Waking up in 5.00 seconds.", "lineno": 647}
{"timestamp": "2026-05-12 09:46:03", "level": "DEBUG", "logger": "celery.beat", "message": "beat: Waking up in 5.00 seconds.", "lineno": 647}
{"timestamp": "2026-05-12 09:46:08", "level": "DEBUG", "logger": "celery.beat", "message": "beat: Synchronizing schedule...", "lineno": 429}
{"timestamp": "2026-05-12 09:46:08", "level": "DEBUG", "logger": "celery.beat", "message": "beat: Waking up in 5.00 seconds.", "lineno": 647}
{"timestamp": "2026-05-12 09:46:13", "level": "DEBUG", "logger": "celery.beat", "message": "beat: Waking up in 5.00 seconds.", "lineno": 647}
{"timestamp": "2026-05-12 09:46:18", "level": "DEBUG", "logger": "celery.beat", "message": "beat: Waking up in 5.00 seconds.", "lineno": 647}
{"timestamp": "2026-05-12 09:46:23", "level": "DEBUG", "logger": "celery.beat", "message": "beat: Waking up in 5.00 seconds.", "lineno": 647}
{"timestamp": "2026-05-12 09:46:28", "level": "DEBUG", "logger": "celery.beat", "message": "beat: Waking up in 5.00 seconds.", "lineno": 647}
{"timestamp": "2026-05-12 09:46:33", "level": "DEBUG", "logger": "celery.beat", "message": "beat: Waking up in 5.00 seconds.", "lineno": 647}
{"timestamp": "2026-05-12 09:46:38", "level": "DEBUG", "logger": "celery.beat", "message": "beat: Waking up in 5.00 seconds.", "lineno": 647}
{"timestamp": "2026-05-12 09:46:43", "level": "DEBUG", "logger": "celery.beat", "message": "beat: Waking up in 5.00 seconds.", "lineno": 647}
{"timestamp": "2026-05-12 09:46:48", "level": "DEBUG", "logger": "celery.beat", "message": "beat: Waking up in 5.00 seconds.", "lineno": 647}
{"timestamp": "2026-05-12 09:46:53", "level": "DEBUG", "logger": "celery.beat", "message": "beat: Waking up in 5.00 seconds.", "lineno": 647}
{"timestamp": "2026-05-12 09:46:58", "level": "DEBUG", "logger": "celery.beat", "message": "beat: Waking up in 5.00 seconds.", "lineno": 647}
{"timestamp": "2026-05-12 09:47:03", "level": "DEBUG", "logger": "celery.beat", "message": "beat: Waking up in 5.00 seconds.", "lineno": 647}
{"timestamp": "2026-05-12 09:47:08", "level": "DEBUG", "logger": "celery.beat", "message": "beat: Waking up in 3.81 seconds.", "lineno": 647}
{"timestamp": "2026-05-12 09:47:12", "level": "INFO", "logger": "celery.beat", "message": "Scheduler: Sending due task check-price-alerts (alerts.tasks.check_price_alerts)", "lineno": 280}
{"timestamp": "2026-05-12 09:47:12", "level": "DEBUG", "logger": "celery.beat", "message": "alerts.tasks.check_price_alerts sent. id->feb3f6e6-73f8-47fb-abab-ca7955da38f7", "lineno": 288}
{"timestamp": "2026-05-12 09:47:12", "level": "INFO", "logger": "celery.worker.strategy", "message": "Task alerts.tasks.check_price_alerts[feb3f6e6-73f8-47fb-abab-ca7955da38f7] received", "lineno": 161}
{"timestamp": "2026-05-12 09:47:12", "level": "DEBUG", "logger": "celery.pool", "message": "TaskPool: Apply <function fast_trace_task at 0xffffb16bd260> (args:('alerts.tasks.check_price_alerts', 'feb3f6e6-73f8-47fb-abab-ca7955da38f7', {'lang': 'py', 'task': 'alerts.tasks.check_price_alerts', 'id': 'feb3f6e6-73f8-47fb-abab-ca7955da38f7', 'shadow': None, 'eta': None, 'expires': None, 'group': None, 'group_index': None, 'retries': 0, 'timelimit': [None, None], 'root_id': 'feb3f6e6-73f8-47fb-abab-ca7955da38f7', 'parent_id': None, 'argsrepr': '()', 'kwargsrepr': '{}', 'origin': 'gen1@4bace727b285', 'ignore_result': False, 'replaced_task_nesting': 0, 'stamped_headers': None, 'stamps': {}, 'periodic_task_name': 'check-price-alerts', 'properties': {'correlation_id': 'feb3f6e6-73f8-47fb-abab-ca7955da38f7', 'reply_to': '798a356a-aa85-37f0-8d22-25edff947468', 'delivery_mode': 2, 'delivery_info': {'exchange': '', 'routing_key': 'celery'}, 'priority': 0, 'body_encoding': 'base64', 'delivery_tag': '507a4763-dc5f-427e-adcc-3399537ad61b'}, 'reply_to': '798a356a-aa85-37f0-8d22-25edff947468', 'correlation_id': 'feb3f6e6-73f8-47fb-abab-ca7955da38f7', 'hostname':... kwargs:{})", "lineno": 149}
{"timestamp": "2026-05-12 09:47:12", "level": "DEBUG", "logger": "celery.beat", "message": "beat: Waking up in 5.00 seconds.", "lineno": 647}
{"timestamp": "2026-05-12 09:47:12", "level": "INFO", "logger": "celery.app.trace", "message": "Task alerts.tasks.check_price_alerts[feb3f6e6-73f8-47fb-abab-ca7955da38f7] succeeded in 0.03302158399947075s: {'triggered_count': 0}", "lineno": 128}
{"timestamp": "2026-05-12 09:47:17", "level": "DEBUG", "logger": "celery.beat", "message": "beat: Waking up in 5.00 seconds.", "lineno": 647}
{"timestamp": "2026-05-12 09:47:22", "level": "DEBUG", "logger": "celery.beat", "message": "beat: Waking up in 5.00 seconds.", "lineno": 647}
{"timestamp": "2026-05-12 09:47:27", "level": "DEBUG", "logger": "celery.beat", "message": "beat: Waking up in 5.00 seconds.", "lineno": 647}
{"timestamp": "2026-05-12 09:47:32", "level": "DEBUG", "logger": "celery.beat", "message": "beat: Waking up in 5.00 seconds.", "lineno": 647}
{"timestamp": "2026-05-12 09:47:37", "level": "DEBUG", "logger": "celery.beat", "message": "beat: Waking up in 5.00 seconds.", "lineno": 647}
{"timestamp": "2026-05-12 09:47:42", "level": "DEBUG", "logger": "celery.beat", "message": "beat: Waking up in 5.00 seconds.", "lineno": 647}
{"timestamp": "2026-05-12 09:47:47", "level": "DEBUG", "logger": "celery.beat", "message": "beat: Waking up in 5.00 seconds.", "lineno": 647}
{"timestamp": "2026-05-12 09:47:52", "level": "DEBUG", "logger": "celery.beat", "message": "beat: Waking up in 5.00 seconds.", "lineno": 647}
{"timestamp": "2026-05-12 09:47:57", "level": "DEBUG", "logger": "celery.beat", "message": "beat: Waking up in 5.00 seconds.", "lineno": 647}
{"timestamp": "2026-05-12 09:48:02", "level": "DEBUG", "logger": "celery.beat", "message": "beat: Waking up in 5.00 seconds.", "lineno": 647}
{"timestamp": "2026-05-12 09:48:07", "level": "DEBUG", "logger": "celery.beat", "message": "beat: Waking up in 5.00 seconds.", "lineno": 647}
{"timestamp": "2026-05-12 09:48:12", "level": "DEBUG", "logger": "celery.beat", "message": "beat: Waking up in 5.00 seconds.", "lineno": 647}
{"timestamp": "2026-05-12 09:48:17", "level": "DEBUG", "logger": "celery.beat", "message": "beat: Waking up in 5.00 seconds.", "lineno": 647}
{"timestamp": "2026-05-12 09:48:23", "level": "DEBUG", "logger": "celery.beat", "message": "beat: Waking up in 5.00 seconds.", "lineno": 647}
{"timestamp": "2026-05-12 09:48:28", "level": "DEBUG", "logger": "celery.beat", "message": "beat: Waking up in 5.00 seconds.", "lineno": 647}
{"timestamp": "2026-05-12 09:48:33", "level": "DEBUG", "logger": "celery.beat", "message": "beat: Waking up in 5.00 seconds.", "lineno": 647}
{"timestamp": "2026-05-12 09:48:38", "level": "DEBUG", "logger": "celery.beat", "message": "beat: Waking up in 5.00 seconds.", "lineno": 647}
{"timestamp": "2026-05-12 09:48:43", "level": "DEBUG", "logger": "celery.beat", "message": "beat: Waking up in 5.00 seconds.", "lineno": 647}
{"timestamp": "2026-05-12 09:48:48", "level": "DEBUG", "logger": "celery.beat", "message": "beat: Waking up in 5.00 seconds.", "lineno": 647}
{"timestamp": "2026-05-12 09:48:53", "level": "DEBUG", "logger": "celery.beat", "message": "beat: Waking up in 5.00 seconds.", "lineno": 647}
{"timestamp": "2026-05-12 09:48:58", "level": "DEBUG", "logger": "celery.beat", "message": "beat: Waking up in 5.00 seconds.", "lineno": 647}
{"timestamp": "2026-05-12 09:49:03", "level": "DEBUG", "logger": "celery.beat", "message": "beat: Waking up in 5.00 seconds.", "lineno": 647}
{"timestamp": "2026-05-12 09:49:08", "level": "DEBUG", "logger": "celery.beat", "message": "beat: Waking up in 5.00 seconds.", "lineno": 647}
{"timestamp": "2026-05-12 09:49:13", "level": "DEBUG", "logger": "celery.beat", "message": "beat: Synchronizing schedule...", "lineno": 429}
{"timestamp": "2026-05-12 09:49:13", "level": "DEBUG", "logger": "celery.beat", "message": "beat: Waking up in 5.00 seconds.", "lineno": 647}
{"timestamp": "2026-05-12 09:49:18", "level": "DEBUG", "logger": "celery.beat", "message": "beat: Waking up in 5.00 seconds.", "lineno": 647}
{"timestamp": "2026-05-12 09:49:23", "level": "DEBUG", "logger": "celery.beat", "message": "beat: Waking up in 5.00 seconds.", "lineno": 647}
{"timestamp": "2026-05-12 09:49:28", "level": "DEBUG", "logger": "celery.beat", "message": "beat: Waking up in 5.00 seconds.", "lineno": 647}
{"timestamp": "2026-05-12 09:49:33", "level": "DEBUG", "logger": "celery.beat", "message": "beat: Waking up in 5.00 seconds.", "lineno": 647}
{"timestamp": "2026-05-12 09:49:38", "level": "DEBUG", "logger": "celery.beat", "message": "beat: Waking up in 5.00 seconds.", "lineno": 647}
{"timestamp": "2026-05-12 09:49:43", "level": "DEBUG", "logger": "celery.beat", "message": "beat: Waking up in 5.00 seconds.", "lineno": 647}
{"timestamp": "2026-05-12 09:49:48", "level": "DEBUG", "logger": "celery.beat", "message": "beat: Waking up in 5.00 seconds.", "lineno": 647}
{"timestamp": "2026-05-12 09:49:53", "level": "DEBUG", "logger": "celery.beat", "message": "beat: Waking up in 5.00 seconds.", "lineno": 647}
{"timestamp": "2026-05-12 09:49:58", "level": "DEBUG", "logger": "celery.beat", "message": "beat: Waking up in 5.00 seconds.", "lineno": 647}
{"timestamp": "2026-05-12 09:50:03", "level": "DEBUG", "logger": "celery.beat", "message": "beat: Waking up in 5.00 seconds.", "lineno": 647}
{"timestamp": "2026-05-12 09:50:08", "level": "DEBUG", "logger": "celery.beat", "message": "beat: Waking up in 5.00 seconds.", "lineno": 647}
{"timestamp": "2026-05-12 09:50:13", "level": "DEBUG", "logger": "celery.beat", "message": "beat: Waking up in 5.00 seconds.", "lineno": 647}
{"timestamp": "2026-05-12 09:50:18", "level": "DEBUG", "logger": "celery.beat", "message": "beat: Waking up in 5.00 seconds.", "lineno": 647}
{"timestamp": "2026-05-12 09:50:23", "level": "DEBUG", "logger": "celery.beat", "message": "beat: Waking up in 5.00 seconds.", "lineno": 647}
{"timestamp": "2026-05-12 09:50:28", "level": "DEBUG", "logger": "celery.beat", "message": "beat: Waking up in 5.00 seconds.", "lineno": 647}
{"timestamp": "2026-05-12 09:50:33", "level": "DEBUG", "logger": "celery.beat", "message": "beat: Waking up in 5.00 seconds.", "lineno": 647}
{"timestamp": "2026-05-12 09:50:38", "level": "DEBUG", "logger": "celery.beat", "message": "beat: Waking up in 5.00 seconds.", "lineno": 647}
{"timestamp": "2026-05-12 09:50:43", "level": "DEBUG", "logger": "celery.beat", "message": "beat: Waking up in 5.00 seconds.", "lineno": 647}
{"timestamp": "2026-05-12 09:50:48", "level": "DEBUG", "logger": "celery.beat", "message": "beat: Waking up in 5.00 seconds.", "lineno": 647}
{"timestamp": "2026-05-12 09:50:53", "level": "DEBUG", "logger": "celery.beat", "message": "beat: Waking up in 5.00 seconds.", "lineno": 647}
{"timestamp": "2026-05-12 09:50:58", "level": "DEBUG", "logger": "celery.beat", "message": "beat: Waking up in 5.00 seconds.", "lineno": 647}
{"timestamp": "2026-05-12 09:51:03", "level": "DEBUG", "logger": "celery.beat", "message": "beat: Waking up in 5.00 seconds.", "lineno": 647}
{"timestamp": "2026-05-12 09:51:08", "level": "DEBUG", "logger": "celery.beat", "message": "beat: Waking up in 5.00 seconds.", "lineno": 647}
{"timestamp": "2026-05-12 09:51:13", "level": "DEBUG", "logger": "celery.beat", "message": "beat: Waking up in 5.00 seconds.", "lineno": 647}
{"timestamp": "2026-05-12 09:51:18", "level": "DEBUG", "logger": "celery.beat", "message": "beat: Waking up in 5.00 seconds.", "lineno": 647}
{"timestamp": "2026-05-12 09:51:23", "level": "DEBUG", "logger": "celery.beat", "message": "beat: Waking up in 5.00 seconds.", "lineno": 647}
{"timestamp": "2026-05-12 09:51:28", "level": "DEBUG", "logger": "celery.beat", "message": "beat: Waking up in 5.00 seconds.", "lineno": 647}
{"timestamp": "2026-05-12 09:51:33", "level": "DEBUG", "logger": "celery.beat", "message": "beat: Waking up in 5.00 seconds.", "lineno": 647}
{"timestamp": "2026-05-12 09:51:38", "level": "DEBUG", "logger": "celery.beat", "message": "beat: Waking up in 5.00 seconds.", "lineno": 647}
{"timestamp": "2026-05-12 09:51:43", "level": "DEBUG", "logger": "celery.beat", "message": "beat: Waking up in 5.00 seconds.", "lineno": 647}
{"timestamp": "2026-05-12 09:51:48", "level": "DEBUG", "logger": "celery.beat", "message": "beat: Waking up in 5.00 seconds.", "lineno": 647}
{"timestamp": "2026-05-12 09:51:53", "level": "DEBUG", "logger": "celery.beat", "message": "beat: Waking up in 5.00 seconds.", "lineno": 647}
{"timestamp": "2026-05-12 09:51:58", "level": "DEBUG", "logger": "celery.beat", "message": "beat: Waking up in 5.00 seconds.", "lineno": 647}
{"timestamp": "2026-05-12 09:52:04", "level": "DEBUG", "logger": "celery.beat", "message": "beat: Waking up in 5.00 seconds.", "lineno": 647}
{"timestamp": "2026-05-12 09:52:09", "level": "DEBUG", "logger": "celery.beat", "message": "beat: Waking up in 3.61 seconds.", "lineno": 647}
{"timestamp": "2026-05-12 09:52:12", "level": "INFO", "logger": "celery.beat", "message": "Scheduler: Sending due task generate-signals (signals.tasks.generate_signals)", "lineno": 280}
{"timestamp": "2026-05-12 09:52:12", "level": "DEBUG", "logger": "celery.beat", "message": "signals.tasks.generate_signals sent. id->1b1a85c2-be23-4e0b-9f03-bea05f70af00", "lineno": 288}
{"timestamp": "2026-05-12 09:52:12", "level": "INFO", "logger": "celery.worker.strategy", "message": "Task signals.tasks.generate_signals[1b1a85c2-be23-4e0b-9f03-bea05f70af00] received", "lineno": 161}
{"timestamp": "2026-05-12 09:52:12", "level": "DEBUG", "logger": "celery.pool", "message": "TaskPool: Apply <function fast_trace_task at 0xffffb16bd260> (args:('signals.tasks.generate_signals', '1b1a85c2-be23-4e0b-9f03-bea05f70af00', {'lang': 'py', 'task': 'signals.tasks.generate_signals', 'id': '1b1a85c2-be23-4e0b-9f03-bea05f70af00', 'shadow': None, 'eta': None, 'expires': None, 'group': None, 'group_index': None, 'retries': 0, 'timelimit': [None, None], 'root_id': '1b1a85c2-be23-4e0b-9f03-bea05f70af00', 'parent_id': None, 'argsrepr': '()', 'kwargsrepr': '{}', 'origin': 'gen1@4bace727b285', 'ignore_result': False, 'replaced_task_nesting': 0, 'stamped_headers': None, 'stamps': {}, 'periodic_task_name': 'generate-signals', 'properties': {'correlation_id': '1b1a85c2-be23-4e0b-9f03-bea05f70af00', 'reply_to': '798a356a-aa85-37f0-8d22-25edff947468', 'delivery_mode': 2, 'delivery_info': {'exchange': '', 'routing_key': 'celery'}, 'priority': 0, 'body_encoding': 'base64', 'delivery_tag': 'cbf6e07f-b71d-47ce-ae6a-752028ce382d'}, 'reply_to': '798a356a-aa85-37f0-8d22-25edff947468', 'correlation_id': '1b1a85c2-be23-4e0b-9f03-bea05f70af00', 'hostname': 'celery@ca0f68569e70',... kwargs:{})", "lineno": 149}
{"timestamp": "2026-05-12 09:52:12", "level": "DEBUG", "logger": "celery.beat", "message": "beat: Waking up now.", "lineno": 647}
{"timestamp": "2026-05-12 09:52:12", "level": "INFO", "logger": "celery.beat", "message": "Scheduler: Sending due task check-price-alerts (alerts.tasks.check_price_alerts)", "lineno": 280}
{"timestamp": "2026-05-12 09:52:12", "level": "DEBUG", "logger": "celery.beat", "message": "alerts.tasks.check_price_alerts sent. id->177a6780-246d-4a45-b6ca-7468a9c0e6fa", "lineno": 288}
{"timestamp": "2026-05-12 09:52:12", "level": "INFO", "logger": "celery.worker.strategy", "message": "Task alerts.tasks.check_price_alerts[177a6780-246d-4a45-b6ca-7468a9c0e6fa] received", "lineno": 161}
{"timestamp": "2026-05-12 09:52:12", "level": "DEBUG", "logger": "celery.pool", "message": "TaskPool: Apply <function fast_trace_task at 0xffffb16bd260> (args:('alerts.tasks.check_price_alerts', '177a6780-246d-4a45-b6ca-7468a9c0e6fa', {'lang': 'py', 'task': 'alerts.tasks.check_price_alerts', 'id': '177a6780-246d-4a45-b6ca-7468a9c0e6fa', 'shadow': None, 'eta': None, 'expires': None, 'group': None, 'group_index': None, 'retries': 0, 'timelimit': [None, None], 'root_id': '177a6780-246d-4a45-b6ca-7468a9c0e6fa', 'parent_id': None, 'argsrepr': '()', 'kwargsrepr': '{}', 'origin': 'gen1@4bace727b285', 'ignore_result': False, 'replaced_task_nesting': 0, 'stamped_headers': None, 'stamps': {}, 'periodic_task_name': 'check-price-alerts', 'properties': {'correlation_id': '177a6780-246d-4a45-b6ca-7468a9c0e6fa', 'reply_to': '798a356a-aa85-37f0-8d22-25edff947468', 'delivery_mode': 2, 'delivery_info': {'exchange': '', 'routing_key': 'celery'}, 'priority': 0, 'body_encoding': 'base64', 'delivery_tag': 'a393f89c-61f3-4931-bbe4-62a91aae06f0'}, 'reply_to': '798a356a-aa85-37f0-8d22-25edff947468', 'correlation_id': '177a6780-246d-4a45-b6ca-7468a9c0e6fa', 'hostname':... kwargs:{})", "lineno": 149}
{"timestamp": "2026-05-12 09:52:12", "level": "DEBUG", "logger": "celery.beat", "message": "beat: Waking up in 5.00 seconds.", "lineno": 647}
{"timestamp": "2026-05-12 09:52:12", "level": "INFO", "logger": "celery.app.trace", "message": "Task signals.tasks.generate_signals[1b1a85c2-be23-4e0b-9f03-bea05f70af00] succeeded in 0.04435224999997445s: {'signals_created': 0, 'stocks_processed': 0, 'error': 'No module named \'signals.services.models\''}", "lineno": 128}
{"timestamp": "2026-05-12 09:52:12", "level": "INFO", "logger": "celery.app.trace", "message": "Task alerts.tasks.check_price_alerts[177a6780-246d-4a45-b6ca-7468a9c0e6fa] succeeded in 0.040462416999616835s: {'triggered_count': 0}", "lineno": 128}
{"timestamp": "2026-05-12 09:52:17", "level": "DEBUG", "logger": "celery.beat", "message": "beat: Synchronizing schedule...", "lineno": 429}
{"timestamp": "2026-05-12 09:52:17", "level": "DEBUG", "logger": "celery.beat", "message": "beat: Waking up in 5.00 seconds.", "lineno": 647}
{"timestamp": "2026-05-12 09:52:22", "level": "DEBUG", "logger": "celery.beat", "message": "beat: Waking up in 5.00 seconds.", "lineno": 647}
{"timestamp": "2026-05-12 09:52:27", "level": "DEBUG", "logger": "celery.beat", "message": "beat: Waking up in 5.00 seconds.", "lineno": 647}
{"timestamp": "2026-05-12 09:52:32", "level": "DEBUG", "logger": "celery.beat", "message": "beat: Waking up in 5.00 seconds.", "lineno": 647}
{"timestamp": "2026-05-12 09:52:37", "level": "DEBUG", "logger": "celery.beat", "message": "beat: Waking up in 5.00 seconds.", "lineno": 647}
{"timestamp": "2026-05-12 09:52:42", "level": "DEBUG", "logger": "celery.beat", "message": "beat: Waking up in 5.00 seconds.", "lineno": 647}
{"timestamp": "2026-05-12 09:52:47", "level": "DEBUG", "logger": "celery.beat", "message": "beat: Waking up in 5.00 seconds.", "lineno": 647}
{"timestamp": "2026-05-12 09:52:52", "level": "DEBUG", "logger": "celery.beat", "message": "beat: Waking up in 5.00 seconds.", "lineno": 647}
{"timestamp": "2026-05-12 09:52:57", "level": "DEBUG", "logger": "celery.beat", "message": "beat: Waking up in 5.00 seconds.", "lineno": 647}
{"timestamp": "2026-05-12 09:53:02", "level": "DEBUG", "logger": "celery.beat", "message": "beat: Waking up in 5.00 seconds.", "lineno": 647}
{"timestamp": "2026-05-12 09:53:07", "level": "DEBUG", "logger": "celery.beat", "message": "beat: Waking up in 5.00 seconds.", "lineno": 647}
{"timestamp": "2026-05-12 09:53:12", "level": "DEBUG", "logger": "celery.beat", "message": "beat: Waking up in 5.00 seconds.", "lineno": 647}
{"timestamp": "2026-05-12 09:53:18", "level": "DEBUG", "logger": "celery.beat", "message": "beat: Waking up in 5.00 seconds.", "lineno": 647}
{"timestamp": "2026-05-12 09:53:23", "level": "DEBUG", "logger": "celery.beat", "message": "beat: Waking up in 5.00 seconds.", "lineno": 647}
{"timestamp": "2026-05-12 09:53:28", "level": "DEBUG", "logger": "celery.beat", "message": "beat: Waking up in 5.00 seconds.", "lineno": 647}
{"timestamp": "2026-05-12 09:53:33", "level": "DEBUG", "logger": "celery.beat", "message": "beat: Waking up in 5.00 seconds.", "lineno": 647}
{"timestamp": "2026-05-12 09:53:38", "level": "DEBUG", "logger": "celery.beat", "message": "beat: Waking up in 5.00 seconds.", "lineno": 647}
{"timestamp": "2026-05-12 09:53:43", "level": "DEBUG", "logger": "celery.beat", "message": "beat: Waking up in 5.00 seconds.", "lineno": 647}
{"timestamp": "2026-05-12 09:53:48", "level": "DEBUG", "logger": "celery.beat", "message": "beat: Waking up in 5.00 seconds.", "lineno": 647}
{"timestamp": "2026-05-12 09:53:53", "level": "DEBUG", "logger": "celery.beat", "message": "beat: Waking up in 5.00 seconds.", "lineno": 647}
{"timestamp": "2026-05-12 09:53:58", "level": "DEBUG", "logger": "celery.beat", "message": "beat: Waking up in 5.00 seconds.", "lineno": 647}
{"timestamp": "2026-05-12 09:54:03", "level": "DEBUG", "logger": "celery.beat", "message": "beat: Waking up in 5.00 seconds.", "lineno": 647}
{"timestamp": "2026-05-12 09:54:08", "level": "DEBUG", "logger": "celery.beat", "message": "beat: Waking up in 5.00 seconds.", "lineno": 647}
{"timestamp": "2026-05-12 09:54:13", "level": "DEBUG", "logger": "celery.beat", "message": "beat: Waking up in 5.00 seconds.", "lineno": 647}
{"timestamp": "2026-05-12 09:54:18", "level": "DEBUG", "logger": "celery.beat", "message": "beat: Waking up in 5.00 seconds.", "lineno": 647}
{"timestamp": "2026-05-12 09:54:23", "level": "DEBUG", "logger": "celery.beat", "message": "beat: Waking up in 5.00 seconds.", "lineno": 647}
{"timestamp": "2026-05-12 09:54:28", "level": "DEBUG", "logger": "celery.beat", "message": "beat: Waking up in 5.00 seconds.", "lineno": 647}
{"timestamp": "2026-05-12 09:54:33", "level": "DEBUG", "logger": "celery.beat", "message": "beat: Waking up in 5.00 seconds.", "lineno": 647}
{"timestamp": "2026-05-12 09:54:38", "level": "DEBUG", "logger": "celery.beat", "message": "beat: Waking up in 5.00 seconds.", "lineno": 647}
{"timestamp": "2026-05-12 09:54:43", "level": "DEBUG", "logger": "celery.beat", "message": "beat: Waking up in 5.00 seconds.", "lineno": 647}
{"timestamp": "2026-05-12 09:54:48", "level": "DEBUG", "logger": "celery.beat", "message": "beat: Waking up in 5.00 seconds.", "lineno": 647}
{"timestamp": "2026-05-12 09:54:53", "level": "DEBUG", "logger": "celery.beat", "message": "beat: Waking up in 5.00 seconds.", "lineno": 647}
{"timestamp": "2026-05-12 09:54:58", "level": "DEBUG", "logger": "celery.beat", "message": "beat: Waking up in 5.00 seconds.", "lineno": 647}
{"timestamp": "2026-05-12 09:55:03", "level": "DEBUG", "logger": "celery.beat", "message": "beat: Waking up in 5.00 seconds.", "lineno": 647}
{"timestamp": "2026-05-12 09:55:08", "level": "DEBUG", "logger": "celery.beat", "message": "beat: Waking up in 5.00 seconds.", "lineno": 647}
{"timestamp": "2026-05-12 09:55:13", "level": "DEBUG", "logger": "celery.beat", "message": "beat: Waking up in 5.00 seconds.", "lineno": 647}
{"timestamp": "2026-05-12 09:55:18", "level": "DEBUG", "logger": "celery.beat", "message": "beat: Synchronizing schedule...", "lineno": 429}
{"timestamp": "2026-05-12 09:55:18", "level": "DEBUG", "logger": "celery.beat", "message": "beat: Waking up in 5.00 seconds.", "lineno": 647}
{"timestamp": "2026-05-12 09:55:23", "level": "DEBUG", "logger": "celery.beat", "message": "beat: Waking up in 5.00 seconds.", "lineno": 647}
{"timestamp": "2026-05-12 09:55:28", "level": "DEBUG", "logger": "celery.beat", "message": "beat: Waking up in 5.00 seconds.", "lineno": 647}
{"timestamp": "2026-05-12 09:55:33", "level": "DEBUG", "logger": "celery.beat", "message": "beat: Waking up in 5.00 seconds.", "lineno": 647}
{"timestamp": "2026-05-12 09:55:38", "level": "DEBUG", "logger": "celery.beat", "message": "beat: Waking up in 5.00 seconds.", "lineno": 647}
{"timestamp": "2026-05-12 09:55:43", "level": "DEBUG", "logger": "celery.beat", "message": "beat: Waking up in 5.00 seconds.", "lineno": 647}
{"timestamp": "2026-05-12 09:55:48", "level": "DEBUG", "logger": "celery.beat", "message": "beat: Waking up in 5.00 seconds.", "lineno": 647}
{"timestamp": "2026-05-12 09:55:53", "level": "DEBUG", "logger": "celery.beat", "message": "beat: Waking up in 5.00 seconds.", "lineno": 647}
{"timestamp": "2026-05-12 09:55:58", "level": "DEBUG", "logger": "celery.beat", "message": "beat: Waking up in 5.00 seconds.", "lineno": 647}
{"timestamp": "2026-05-12 09:56:03", "level": "DEBUG", "logger": "celery.beat", "message": "beat: Waking up in 5.00 seconds.", "lineno": 647}
{"timestamp": "2026-05-12 09:56:08", "level": "DEBUG", "logger": "celery.beat", "message": "beat: Waking up in 5.00 seconds.", "lineno": 647}
{"timestamp": "2026-05-12 09:56:13", "level": "DEBUG", "logger": "celery.beat", "message": "beat: Waking up in 5.00 seconds.", "lineno": 647}
{"timestamp": "2026-05-12 09:56:18", "level": "DEBUG", "logger": "celery.beat", "message": "beat: Waking up in 5.00 seconds.", "lineno": 647}
{"timestamp": "2026-05-12 09:56:23", "level": "DEBUG", "logger": "celery.beat", "message": "beat: Waking up in 5.00 seconds.", "lineno": 647}
{"timestamp": "2026-05-12 09:56:28", "level": "DEBUG", "logger": "celery.beat", "message": "beat: Waking up in 5.00 seconds.", "lineno": 647}
{"timestamp": "2026-05-12 09:56:33", "level": "DEBUG", "logger": "celery.beat", "message": "beat: Waking up in 5.00 seconds.", "lineno": 647}
{"timestamp": "2026-05-12 09:56:38", "level": "DEBUG", "logger": "celery.beat", "message": "beat: Waking up in 5.00 seconds.", "lineno": 647}
{"timestamp": "2026-05-12 09:56:43", "level": "DEBUG", "logger": "celery.beat", "message": "beat: Waking up in 5.00 seconds.", "lineno": 647}
{"timestamp": "2026-05-12 09:56:48", "level": "DEBUG", "logger": "celery.beat", "message": "beat: Waking up in 5.00 seconds.", "lineno": 647}
{"timestamp": "2026-05-12 09:56:53", "level": "DEBUG", "logger": "celery.beat", "message": "beat: Waking up in 5.00 seconds.", "lineno": 647}
{"timestamp": "2026-05-12 09:56:58", "level": "DEBUG", "logger": "celery.beat", "message": "beat: Waking up in 5.00 seconds.", "lineno": 647}
{"timestamp": "2026-05-12 09:57:03", "level": "DEBUG", "logger": "celery.beat", "message": "beat: Waking up in 5.00 seconds.", "lineno": 647}
{"timestamp": "2026-05-12 09:57:08", "level": "DEBUG", "logger": "celery.beat", "message": "beat: Waking up in 3.79 seconds.", "lineno": 647}
{"timestamp": "2026-05-12 09:57:12", "level": "INFO", "logger": "celery.beat", "message": "Scheduler: Sending due task check-price-alerts (alerts.tasks.check_price_alerts)", "lineno": 280}
{"timestamp": "2026-05-12 09:57:12", "level": "DEBUG", "logger": "celery.beat", "message": "alerts.tasks.check_price_alerts sent. id->429d6c43-8c0f-40e2-bea3-2a6635e97ecd", "lineno": 288}
{"timestamp": "2026-05-12 09:57:12", "level": "INFO", "logger": "celery.worker.strategy", "message": "Task alerts.tasks.check_price_alerts[429d6c43-8c0f-40e2-bea3-2a6635e97ecd] received", "lineno": 161}
{"timestamp": "2026-05-12 09:57:12", "level": "DEBUG", "logger": "celery.pool", "message": "TaskPool: Apply <function fast_trace_task at 0xffffb16bd260> (args:('alerts.tasks.check_price_alerts', '429d6c43-8c0f-40e2-bea3-2a6635e97ecd', {'lang': 'py', 'task': 'alerts.tasks.check_price_alerts', 'id': '429d6c43-8c0f-40e2-bea3-2a6635e97ecd', 'shadow': None, 'eta': None, 'expires': None, 'group': None, 'group_index': None, 'retries': 0, 'timelimit': [None, None], 'root_id': '429d6c43-8c0f-40e2-bea3-2a6635e97ecd', 'parent_id': None, 'argsrepr': '()', 'kwargsrepr': '{}', 'origin': 'gen1@4bace727b285', 'ignore_result': False, 'replaced_task_nesting': 0, 'stamped_headers': None, 'stamps': {}, 'periodic_task_name': 'check-price-alerts', 'properties': {'correlation_id': '429d6c43-8c0f-40e2-bea3-2a6635e97ecd', 'reply_to': '798a356a-aa85-37f0-8d22-25edff947468', 'delivery_mode': 2, 'delivery_info': {'exchange': '', 'routing_key': 'celery'}, 'priority': 0, 'body_encoding': 'base64', 'delivery_tag': '093b0624-f700-42fc-9a4e-20e0f1445242'}, 'reply_to': '798a356a-aa85-37f0-8d22-25edff947468', 'correlation_id': '429d6c43-8c0f-40e2-bea3-2a6635e97ecd', 'hostname':... kwargs:{})", "lineno": 149}
{"timestamp": "2026-05-12 09:57:12", "level": "DEBUG", "logger": "celery.beat", "message": "beat: Waking up in 5.00 seconds.", "lineno": 647}
{"timestamp": "2026-05-12 09:57:12", "level": "INFO", "logger": "celery.app.trace", "message": "Task alerts.tasks.check_price_alerts[429d6c43-8c0f-40e2-bea3-2a6635e97ecd] succeeded in 0.0349315410003328s: {'triggered_count': 0}", "lineno": 128}
{"timestamp": "2026-05-12 09:57:17", "level": "DEBUG", "logger": "celery.beat", "message": "beat: Waking up in 5.00 seconds.", "lineno": 647}
{"timestamp": "2026-05-12 09:57:22", "level": "DEBUG", "logger": "celery.beat", "message": "beat: Waking up in 5.00 seconds.", "lineno": 647}
{"timestamp": "2026-05-12 09:57:27", "level": "DEBUG", "logger": "celery.beat", "message": "beat: Waking up in 5.00 seconds.", "lineno": 647}
{"timestamp": "2026-05-12 09:57:32", "level": "DEBUG", "logger": "celery.beat", "message": "beat: Waking up in 5.00 seconds.", "lineno": 647}
{"timestamp": "2026-05-12 09:57:37", "level": "DEBUG", "logger": "celery.beat", "message": "beat: Waking up in 5.00 seconds.", "lineno": 647}
{"timestamp": "2026-05-12 09:57:42", "level": "DEBUG", "logger": "celery.beat", "message": "beat: Waking up in 5.00 seconds.", "lineno": 647}
{"timestamp": "2026-05-12 09:57:47", "level": "DEBUG", "logger": "celery.beat", "message": "beat: Waking up in 5.00 seconds.", "lineno": 647}
{"timestamp": "2026-05-12 09:57:52", "level": "DEBUG", "logger": "celery.beat", "message": "beat: Waking up in 5.00 seconds.", "lineno": 647}
{"timestamp": "2026-05-12 09:57:57", "level": "DEBUG", "logger": "celery.beat", "message": "beat: Waking up in 5.00 seconds.", "lineno": 647}
{"timestamp": "2026-05-12 09:58:02", "level": "DEBUG", "logger": "celery.beat", "message": "beat: Waking up in 5.00 seconds.", "lineno": 647}
{"timestamp": "2026-05-12 09:58:07", "level": "DEBUG", "logger": "celery.beat", "message": "beat: Waking up in 5.00 seconds.", "lineno": 647}
{"timestamp": "2026-05-12 09:58:12", "level": "DEBUG", "logger": "celery.beat", "message": "beat: Waking up in 5.00 seconds.", "lineno": 647}
{"timestamp": "2026-05-12 09:58:18", "level": "DEBUG", "logger": "celery.beat", "message": "beat: Waking up in 5.00 seconds.", "lineno": 647}
{"timestamp": "2026-05-12 09:58:23", "level": "DEBUG", "logger": "celery.beat", "message": "beat: Synchronizing schedule...", "lineno": 429}
{"timestamp": "2026-05-12 09:58:23", "level": "DEBUG", "logger": "celery.beat", "message": "beat: Waking up in 5.00 seconds.", "lineno": 647}
{"timestamp": "2026-05-12 09:58:28", "level": "DEBUG", "logger": "celery.beat", "message": "beat: Waking up in 5.00 seconds.", "lineno": 647}
{"timestamp": "2026-05-12 09:58:33", "level": "DEBUG", "logger": "celery.beat", "message": "beat: Waking up in 5.00 seconds.", "lineno": 647}
{"timestamp": "2026-05-12 09:58:38", "level": "DEBUG", "logger": "celery.beat", "message": "beat: Waking up in 5.00 seconds.", "lineno": 647}
{"timestamp": "2026-05-12 09:58:43", "level": "DEBUG", "logger": "celery.beat", "message": "beat: Waking up in 5.00 seconds.", "lineno": 647}
{"timestamp": "2026-05-12 09:58:48", "level": "DEBUG", "logger": "celery.beat", "message": "beat: Waking up in 5.00 seconds.", "lineno": 647}
{"timestamp": "2026-05-12 09:58:53", "level": "DEBUG", "logger": "celery.beat", "message": "beat: Waking up in 5.00 seconds.", "lineno": 647}
{"timestamp": "2026-05-12 09:58:58", "level": "DEBUG", "logger": "celery.beat", "message": "beat: Waking up in 5.00 seconds.", "lineno": 647}
{"timestamp": "2026-05-12 09:59:03", "level": "DEBUG", "logger": "celery.beat", "message": "beat: Waking up in 5.00 seconds.", "lineno": 647}
{"timestamp": "2026-05-12 09:59:08", "level": "DEBUG", "logger": "celery.beat", "message": "beat: Waking up in 5.00 seconds.", "lineno": 647}
{"timestamp": "2026-05-12 09:59:13", "level": "DEBUG", "logger": "celery.beat", "message": "beat: Waking up in 5.00 seconds.", "lineno": 647}
{"timestamp": "2026-05-12 09:59:18", "level": "DEBUG", "logger": "celery.beat", "message": "beat: Waking up in 5.00 seconds.", "lineno": 647}
{"timestamp": "2026-05-12 09:59:23", "level": "DEBUG", "logger": "celery.beat", "message": "beat: Waking up in 5.00 seconds.", "lineno": 647}
{"timestamp": "2026-05-12 09:59:28", "level": "DEBUG", "logger": "celery.beat", "message": "beat: Waking up in 5.00 seconds.", "lineno": 647}
{"timestamp": "2026-05-12 09:59:33", "level": "DEBUG", "logger": "celery.beat", "message": "beat: Waking up in 5.00 seconds.", "lineno": 647}
{"timestamp": "2026-05-12 09:59:38", "level": "DEBUG", "logger": "celery.beat", "message": "beat: Waking up in 5.00 seconds.", "lineno": 647}
{"timestamp": "2026-05-12 09:59:43", "level": "DEBUG", "logger": "celery.beat", "message": "beat: Waking up in 5.00 seconds.", "lineno": 647}
{"timestamp": "2026-05-12 09:59:48", "level": "DEBUG", "logger": "celery.beat", "message": "beat: Waking up in 5.00 seconds.", "lineno": 647}
{"timestamp": "2026-05-12 09:59:53", "level": "DEBUG", "logger": "celery.beat", "message": "beat: Waking up in 5.00 seconds.", "lineno": 647}
{"timestamp": "2026-05-12 09:59:58", "level": "DEBUG", "logger": "celery.beat", "message": "beat: Waking up in 5.00 seconds.", "lineno": 647}
{"timestamp": "2026-05-12 10:00:03", "level": "DEBUG", "logger": "celery.beat", "message": "beat: Waking up in 5.00 seconds.", "lineno": 647}
{"timestamp": "2026-05-12 10:00:08", "level": "DEBUG", "logger": "celery.beat", "message": "beat: Waking up in 5.00 seconds.", "lineno": 647}
{"timestamp": "2026-05-12 10:00:13", "level": "DEBUG", "logger": "celery.beat", "message": "beat: Waking up in 5.00 seconds.", "lineno": 647}
{"timestamp": "2026-05-12 10:00:18", "level": "DEBUG", "logger": "celery.beat", "message": "beat: Waking up in 5.00 seconds.", "lineno": 647}
{"timestamp": "2026-05-12 10:00:23", "level": "DEBUG", "logger": "celery.beat", "message": "beat: Waking up in 5.00 seconds.", "lineno": 647}
{"timestamp": "2026-05-12 10:00:28", "level": "DEBUG", "logger": "celery.beat", "message": "beat: Waking up in 5.00 seconds.", "lineno": 647}
{"timestamp": "2026-05-12 10:00:33", "level": "DEBUG", "logger": "celery.beat", "message": "beat: Waking up in 5.00 seconds.", "lineno": 647}
{"timestamp": "2026-05-12 10:00:38", "level": "DEBUG", "logger": "celery.beat", "message": "beat: Waking up in 5.00 seconds.", "lineno": 647}
{"timestamp": "2026-05-12 10:00:43", "level": "DEBUG", "logger": "celery.beat", "message": "beat: Waking up in 5.00 seconds.", "lineno": 647}
{"timestamp": "2026-05-12 10:00:48", "level": "DEBUG", "logger": "celery.beat", "message": "beat: Waking up in 5.00 seconds.", "lineno": 647}
{"timestamp": "2026-05-12 10:00:53", "level": "DEBUG", "logger": "celery.beat", "message": "beat: Waking up in 5.00 seconds.", "lineno": 647}
{"timestamp": "2026-05-12 10:00:58", "level": "DEBUG", "logger": "celery.beat", "message": "beat: Waking up in 5.00 seconds.", "lineno": 647}
{"timestamp": "2026-05-12 10:01:03", "level": "DEBUG", "logger": "celery.beat", "message": "beat: Waking up in 5.00 seconds.", "lineno": 647}
{"timestamp": "2026-05-12 10:01:08", "level": "DEBUG", "logger": "celery.beat", "message": "beat: Waking up in 5.00 seconds.", "lineno": 647}
{"timestamp": "2026-05-12 10:01:13", "level": "DEBUG", "logger": "celery.beat", "message": "beat: Waking up in 5.00 seconds.", "lineno": 647}
{"timestamp": "2026-05-12 10:01:18", "level": "DEBUG", "logger": "celery.beat", "message": "beat: Waking up in 5.00 seconds.", "lineno": 647}
{"timestamp": "2026-05-12 10:01:23", "level": "DEBUG", "logger": "celery.beat", "message": "beat: Synchronizing schedule...", "lineno": 429}
{"timestamp": "2026-05-12 10:01:23", "level": "DEBUG", "logger": "celery.beat", "message": "beat: Waking up in 5.00 seconds.", "lineno": 647}
{"timestamp": "2026-05-12 10:01:28", "level": "DEBUG", "logger": "celery.beat", "message": "beat: Waking up in 5.00 seconds.", "lineno": 647}
{"timestamp": "2026-05-12 10:01:33", "level": "DEBUG", "logger": "celery.beat", "message": "beat: Waking up in 5.00 seconds.", "lineno": 647}
{"timestamp": "2026-05-12 10:01:38", "level": "DEBUG", "logger": "celery.beat", "message": "beat: Waking up in 5.00 seconds.", "lineno": 647}
{"timestamp": "2026-05-12 10:01:43", "level": "DEBUG", "logger": "celery.beat", "message": "beat: Waking up in 5.00 seconds.", "lineno": 647}
{"timestamp": "2026-05-12 10:01:48", "level": "DEBUG", "logger": "celery.beat", "message": "beat: Waking up in 5.00 seconds.", "lineno": 647}
{"timestamp": "2026-05-12 10:01:53", "level": "DEBUG", "logger": "celery.beat", "message": "beat: Waking up in 5.00 seconds.", "lineno": 647}
{"timestamp": "2026-05-12 10:01:58", "level": "DEBUG", "logger": "celery.beat", "message": "beat: Waking up in 5.00 seconds.", "lineno": 647}
{"timestamp": "2026-05-12 10:02:03", "level": "DEBUG", "logger": "celery.beat", "message": "beat: Waking up in 5.00 seconds.", "lineno": 647}
{"timestamp": "2026-05-12 10:02:09", "level": "DEBUG", "logger": "celery.beat", "message": "beat: Waking up in 3.70 seconds.", "lineno": 647}
{"timestamp": "2026-05-12 10:02:12", "level": "INFO", "logger": "celery.beat", "message": "Scheduler: Sending due task check-price-alerts (alerts.tasks.check_price_alerts)", "lineno": 280}
{"timestamp": "2026-05-12 10:02:12", "level": "DEBUG", "logger": "celery.beat", "message": "alerts.tasks.check_price_alerts sent. id->9b2b8929-8dd5-4e51-a6e8-d43b47b54cb8", "lineno": 288}
{"timestamp": "2026-05-12 10:02:12", "level": "INFO", "logger": "celery.worker.strategy", "message": "Task alerts.tasks.check_price_alerts[9b2b8929-8dd5-4e51-a6e8-d43b47b54cb8] received", "lineno": 161}
{"timestamp": "2026-05-12 10:02:12", "level": "DEBUG", "logger": "celery.pool", "message": "TaskPool: Apply <function fast_trace_task at 0xffffb16bd260> (args:('alerts.tasks.check_price_alerts', '9b2b8929-8dd5-4e51-a6e8-d43b47b54cb8', {'lang': 'py', 'task': 'alerts.tasks.check_price_alerts', 'id': '9b2b8929-8dd5-4e51-a6e8-d43b47b54cb8', 'shadow': None, 'eta': None, 'expires': None, 'group': None, 'group_index': None, 'retries': 0, 'timelimit': [None, None], 'root_id': '9b2b8929-8dd5-4e51-a6e8-d43b47b54cb8', 'parent_id': None, 'argsrepr': '()', 'kwargsrepr': '{}', 'origin': 'gen1@4bace727b285', 'ignore_result': False, 'replaced_task_nesting': 0, 'stamped_headers': None, 'stamps': {}, 'periodic_task_name': 'check-price-alerts', 'properties': {'correlation_id': '9b2b8929-8dd5-4e51-a6e8-d43b47b54cb8', 'reply_to': '798a356a-aa85-37f0-8d22-25edff947468', 'delivery_mode': 2, 'delivery_info': {'exchange': '', 'routing_key': 'celery'}, 'priority': 0, 'body_encoding': 'base64', 'delivery_tag': '94a8d2c9-6966-49f1-b511-bdf32cf7316a'}, 'reply_to': '798a356a-aa85-37f0-8d22-25edff947468', 'correlation_id': '9b2b8929-8dd5-4e51-a6e8-d43b47b54cb8', 'hostname':... kwargs:{})", "lineno": 149}
{"timestamp": "2026-05-12 10:02:12", "level": "DEBUG", "logger": "celery.beat", "message": "beat: Waking up in 5.00 seconds.", "lineno": 647}
{"timestamp": "2026-05-12 10:02:12", "level": "INFO", "logger": "celery.app.trace", "message": "Task alerts.tasks.check_price_alerts[9b2b8929-8dd5-4e51-a6e8-d43b47b54cb8] succeeded in 0.025608500000089407s: {'triggered_count': 0}", "lineno": 128}
{"timestamp": "2026-05-12 10:02:17", "level": "DEBUG", "logger": "celery.beat", "message": "beat: Waking up in 5.00 seconds.", "lineno": 647}
{"timestamp": "2026-05-12 10:02:22", "level": "DEBUG", "logger": "celery.beat", "message": "beat: Waking up in 5.00 seconds.", "lineno": 647}
{"timestamp": "2026-05-12 10:02:27", "level": "DEBUG", "logger": "celery.beat", "message": "beat: Waking up in 5.00 seconds.", "lineno": 647}
{"timestamp": "2026-05-12 10:02:32", "level": "DEBUG", "logger": "celery.beat", "message": "beat: Waking up in 5.00 seconds.", "lineno": 647}
{"timestamp": "2026-05-12 10:02:37", "level": "DEBUG", "logger": "celery.beat", "message": "beat: Waking up in 5.00 seconds.", "lineno": 647}
{"timestamp": "2026-05-12 10:02:42", "level": "DEBUG", "logger": "celery.beat", "message": "beat: Waking up in 5.00 seconds.", "lineno": 647}
{"timestamp": "2026-05-12 10:02:47", "level": "DEBUG", "logger": "celery.beat", "message": "beat: Waking up in 5.00 seconds.", "lineno": 647}
{"timestamp": "2026-05-12 10:02:53", "level": "DEBUG", "logger": "celery.beat", "message": "beat: Waking up in 5.00 seconds.", "lineno": 647}
{"timestamp": "2026-05-12 10:02:58", "level": "DEBUG", "logger": "celery.beat", "message": "beat: Waking up in 5.00 seconds.", "lineno": 647}
{"timestamp": "2026-05-12 10:03:03", "level": "DEBUG", "logger": "celery.beat", "message": "beat: Waking up in 5.00 seconds.", "lineno": 647}
{"timestamp": "2026-05-12 10:03:08", "level": "DEBUG", "logger": "celery.beat", "message": "beat: Waking up in 5.00 seconds.", "lineno": 647}
{"timestamp": "2026-05-12 10:03:13", "level": "DEBUG", "logger": "celery.beat", "message": "beat: Waking up in 5.00 seconds.", "lineno": 647}
{"timestamp": "2026-05-12 10:03:18", "level": "DEBUG", "logger": "celery.beat", "message": "beat: Waking up in 5.00 seconds.", "lineno": 647}
{"timestamp": "2026-05-12 10:03:23", "level": "DEBUG", "logger": "celery.beat", "message": "beat: Waking up in 5.00 seconds.", "lineno": 647}
{"timestamp": "2026-05-12 10:03:28", "level": "DEBUG", "logger": "celery.beat", "message": "beat: Waking up in 5.00 seconds.", "lineno": 647}
{"timestamp": "2026-05-12 10:03:33", "level": "DEBUG", "logger": "celery.beat", "message": "beat: Waking up in 5.00 seconds.", "lineno": 647}
{"timestamp": "2026-05-12 10:03:38", "level": "DEBUG", "logger": "celery.beat", "message": "beat: Waking up in 5.00 seconds.", "lineno": 647}
{"timestamp": "2026-05-12 10:03:43", "level": "DEBUG", "logger": "celery.beat", "message": "beat: Waking up in 5.00 seconds.", "lineno": 647}
{"timestamp": "2026-05-12 10:03:48", "level": "DEBUG", "logger": "celery.beat", "message": "beat: Waking up in 5.00 seconds.", "lineno": 647}
{"timestamp": "2026-05-12 10:03:53", "level": "DEBUG", "logger": "celery.beat", "message": "beat: Waking up in 5.00 seconds.", "lineno": 647}
{"timestamp": "2026-05-12 10:03:58", "level": "DEBUG", "logger": "celery.beat", "message": "beat: Waking up in 5.00 seconds.", "lineno": 647}
{"timestamp": "2026-05-12 10:04:03", "level": "DEBUG", "logger": "celery.beat", "message": "beat: Waking up in 5.00 seconds.", "lineno": 647}
{"timestamp": "2026-05-12 10:04:08", "level": "DEBUG", "logger": "celery.beat", "message": "beat: Waking up in 5.00 seconds.", "lineno": 647}
{"timestamp": "2026-05-12 10:04:13", "level": "DEBUG", "logger": "celery.beat", "message": "beat: Waking up in 5.00 seconds.", "lineno": 647}
{"timestamp": "2026-05-12 10:04:18", "level": "DEBUG", "logger": "celery.beat", "message": "beat: Waking up in 5.00 seconds.", "lineno": 647}
{"timestamp": "2026-05-12 10:04:23", "level": "DEBUG", "logger": "celery.beat", "message": "beat: Waking up in 5.00 seconds.", "lineno": 647}
{"timestamp": "2026-05-12 10:04:28", "level": "DEBUG", "logger": "celery.beat", "message": "beat: Synchronizing schedule...", "lineno": 429}
{"timestamp": "2026-05-12 10:04:28", "level": "DEBUG", "logger": "celery.beat", "message": "beat: Waking up in 5.00 seconds.", "lineno": 647}
{"timestamp": "2026-05-12 10:04:33", "level": "DEBUG", "logger": "celery.beat", "message": "beat: Waking up in 5.00 seconds.", "lineno": 647}
{"timestamp": "2026-05-12 10:04:38", "level": "DEBUG", "logger": "celery.beat", "message": "beat: Waking up in 5.00 seconds.", "lineno": 647}
{"timestamp": "2026-05-12 10:04:43", "level": "DEBUG", "logger": "celery.beat", "message": "beat: Waking up in 5.00 seconds.", "lineno": 647}
{"timestamp": "2026-05-12 10:04:48", "level": "DEBUG", "logger": "celery.beat", "message": "beat: Waking up in 5.00 seconds.", "lineno": 647}
{"timestamp": "2026-05-12 10:04:53", "level": "DEBUG", "logger": "celery.beat", "message": "beat: Waking up in 5.00 seconds.", "lineno": 647}
{"timestamp": "2026-05-12 10:04:58", "level": "DEBUG", "logger": "celery.beat", "message": "beat: Waking up in 5.00 seconds.", "lineno": 647}
{"timestamp": "2026-05-12 10:05:03", "level": "DEBUG", "logger": "celery.beat", "message": "beat: Waking up in 5.00 seconds.", "lineno": 647}
{"timestamp": "2026-05-12 10:05:08", "level": "DEBUG", "logger": "celery.beat", "message": "beat: Waking up in 5.00 seconds.", "lineno": 647}
{"timestamp": "2026-05-12 10:05:13", "level": "DEBUG", "logger": "celery.beat", "message": "beat: Waking up in 5.00 seconds.", "lineno": 647}
{"timestamp": "2026-05-12 10:05:18", "level": "DEBUG", "logger": "celery.beat", "message": "beat: Waking up in 5.00 seconds.", "lineno": 647}
{"timestamp": "2026-05-12 10:05:23", "level": "DEBUG", "logger": "celery.beat", "message": "beat: Waking up in 5.00 seconds.", "lineno": 647}
{"timestamp": "2026-05-12 10:05:28", "level": "DEBUG", "logger": "celery.beat", "message": "beat: Waking up in 5.00 seconds.", "lineno": 647}
{"timestamp": "2026-05-12 10:05:33", "level": "DEBUG", "logger": "celery.beat", "message": "beat: Waking up in 5.00 seconds.", "lineno": 647}
{"timestamp": "2026-05-12 10:05:38", "level": "DEBUG", "logger": "celery.beat", "message": "beat: Waking up in 5.00 seconds.", "lineno": 647}
{"timestamp": "2026-05-12 10:05:43", "level": "DEBUG", "logger": "celery.beat", "message": "beat: Waking up in 5.00 seconds.", "lineno": 647}
{"timestamp": "2026-05-12 10:05:48", "level": "DEBUG", "logger": "celery.beat", "message": "beat: Waking up in 5.00 seconds.", "lineno": 647}
{"timestamp": "2026-05-12 10:05:53", "level": "DEBUG", "logger": "celery.beat", "message": "beat: Waking up in 5.00 seconds.", "lineno": 647}
{"timestamp": "2026-05-12 10:05:58", "level": "DEBUG", "logger": "celery.beat", "message": "beat: Waking up in 5.00 seconds.", "lineno": 647}
{"timestamp": "2026-05-12 10:06:03", "level": "DEBUG", "logger": "celery.beat", "message": "beat: Waking up in 5.00 seconds.", "lineno": 647}
{"timestamp": "2026-05-12 10:06:08", "level": "DEBUG", "logger": "celery.beat", "message": "beat: Waking up in 5.00 seconds.", "lineno": 647}
{"timestamp": "2026-05-12 10:06:13", "level": "DEBUG", "logger": "celery.beat", "message": "beat: Waking up in 5.00 seconds.", "lineno": 647}
{"timestamp": "2026-05-12 10:06:18", "level": "DEBUG", "logger": "celery.beat", "message": "beat: Waking up in 5.00 seconds.", "lineno": 647}
{"timestamp": "2026-05-12 10:06:23", "level": "DEBUG", "logger": "celery.beat", "message": "beat: Waking up in 5.00 seconds.", "lineno": 647}
{"timestamp": "2026-05-12 10:06:28", "level": "DEBUG", "logger": "celery.beat", "message": "beat: Waking up in 5.00 seconds.", "lineno": 647}
{"timestamp": "2026-05-12 10:06:33", "level": "DEBUG", "logger": "celery.beat", "message": "beat: Waking up in 5.00 seconds.", "lineno": 647}
{"timestamp": "2026-05-12 10:06:38", "level": "DEBUG", "logger": "celery.beat", "message": "beat: Waking up in 5.00 seconds.", "lineno": 647}
{"timestamp": "2026-05-12 10:06:43", "level": "DEBUG", "logger": "celery.beat", "message": "beat: Waking up in 5.00 seconds.", "lineno": 647}
{"timestamp": "2026-05-12 10:06:49", "level": "DEBUG", "logger": "celery.beat", "message": "beat: Waking up in 5.00 seconds.", "lineno": 647}
{"timestamp": "2026-05-12 10:06:54", "level": "DEBUG", "logger": "celery.beat", "message": "beat: Waking up in 5.00 seconds.", "lineno": 647}
{"timestamp": "2026-05-12 10:06:59", "level": "DEBUG", "logger": "celery.beat", "message": "beat: Waking up in 5.00 seconds.", "lineno": 647}
{"timestamp": "2026-05-12 10:07:04", "level": "DEBUG", "logger": "celery.beat", "message": "beat: Waking up in 5.00 seconds.", "lineno": 647}
{"timestamp": "2026-05-12 10:07:09", "level": "DEBUG", "logger": "celery.beat", "message": "beat: Waking up in 3.58 seconds.", "lineno": 647}
{"timestamp": "2026-05-12 10:07:12", "level": "INFO", "logger": "celery.beat", "message": "Scheduler: Sending due task generate-signals (signals.tasks.generate_signals)", "lineno": 280}
{"timestamp": "2026-05-12 10:07:12", "level": "DEBUG", "logger": "celery.beat", "message": "signals.tasks.generate_signals sent. id->b3803c02-b8df-4a5c-8cab-689354d3d09e", "lineno": 288}
{"timestamp": "2026-05-12 10:07:12", "level": "INFO", "logger": "celery.worker.strategy", "message": "Task signals.tasks.generate_signals[b3803c02-b8df-4a5c-8cab-689354d3d09e] received", "lineno": 161}
{"timestamp": "2026-05-12 10:07:12", "level": "DEBUG", "logger": "celery.pool", "message": "TaskPool: Apply <function fast_trace_task at 0xffffb16bd260> (args:('signals.tasks.generate_signals', 'b3803c02-b8df-4a5c-8cab-689354d3d09e', {'lang': 'py', 'task': 'signals.tasks.generate_signals', 'id': 'b3803c02-b8df-4a5c-8cab-689354d3d09e', 'shadow': None, 'eta': None, 'expires': None, 'group': None, 'group_index': None, 'retries': 0, 'timelimit': [None, None], 'root_id': 'b3803c02-b8df-4a5c-8cab-689354d3d09e', 'parent_id': None, 'argsrepr': '()', 'kwargsrepr': '{}', 'origin': 'gen1@4bace727b285', 'ignore_result': False, 'replaced_task_nesting': 0, 'stamped_headers': None, 'stamps': {}, 'periodic_task_name': 'generate-signals', 'properties': {'correlation_id': 'b3803c02-b8df-4a5c-8cab-689354d3d09e', 'reply_to': '798a356a-aa85-37f0-8d22-25edff947468', 'delivery_mode': 2, 'delivery_info': {'exchange': '', 'routing_key': 'celery'}, 'priority': 0, 'body_encoding': 'base64', 'delivery_tag': '7c41fbf3-f234-48fa-957f-975ba87a8971'}, 'reply_to': '798a356a-aa85-37f0-8d22-25edff947468', 'correlation_id': 'b3803c02-b8df-4a5c-8cab-689354d3d09e', 'hostname': 'celery@ca0f68569e70',... kwargs:{})", "lineno": 149}
{"timestamp": "2026-05-12 10:07:12", "level": "DEBUG", "logger": "celery.beat", "message": "beat: Waking up now.", "lineno": 647}
{"timestamp": "2026-05-12 10:07:12", "level": "INFO", "logger": "celery.app.trace", "message": "Task signals.tasks.generate_signals[b3803c02-b8df-4a5c-8cab-689354d3d09e] succeeded in 0.028137625000454136s: {'signals_created': 0, 'stocks_processed': 0, 'error': 'No module named \'signals.services.models\''}", "lineno": 128}
{"timestamp": "2026-05-12 10:07:12", "level": "INFO", "logger": "celery.beat", "message": "Scheduler: Sending due task check-price-alerts (alerts.tasks.check_price_alerts)", "lineno": 280}
{"timestamp": "2026-05-12 10:07:12", "level": "DEBUG", "logger": "celery.beat", "message": "alerts.tasks.check_price_alerts sent. id->8fc058ae-a937-43a2-8db2-a65edbf411c1", "lineno": 288}
{"timestamp": "2026-05-12 10:07:12", "level": "INFO", "logger": "celery.worker.strategy", "message": "Task alerts.tasks.check_price_alerts[8fc058ae-a937-43a2-8db2-a65edbf411c1] received", "lineno": 161}
{"timestamp": "2026-05-12 10:07:12", "level": "DEBUG", "logger": "celery.pool", "message": "TaskPool: Apply <function fast_trace_task at 0xffffb16bd260> (args:('alerts.tasks.check_price_alerts', '8fc058ae-a937-43a2-8db2-a65edbf411c1', {'lang': 'py', 'task': 'alerts.tasks.check_price_alerts', 'id': '8fc058ae-a937-43a2-8db2-a65edbf411c1', 'shadow': None, 'eta': None, 'expires': None, 'group': None, 'group_index': None, 'retries': 0, 'timelimit': [None, None], 'root_id': '8fc058ae-a937-43a2-8db2-a65edbf411c1', 'parent_id': None, 'argsrepr': '()', 'kwargsrepr': '{}', 'origin': 'gen1@4bace727b285', 'ignore_result': False, 'replaced_task_nesting': 0, 'stamped_headers': None, 'stamps': {}, 'periodic_task_name': 'check-price-alerts', 'properties': {'correlation_id': '8fc058ae-a937-43a2-8db2-a65edbf411c1', 'reply_to': '798a356a-aa85-37f0-8d22-25edff947468', 'delivery_mode': 2, 'delivery_info': {'exchange': '', 'routing_key': 'celery'}, 'priority': 0, 'body_encoding': 'base64', 'delivery_tag': 'a6fe2090-b5cf-4613-b572-108666dc9ad0'}, 'reply_to': '798a356a-aa85-37f0-8d22-25edff947468', 'correlation_id': '8fc058ae-a937-43a2-8db2-a65edbf411c1', 'hostname':... kwargs:{})", "lineno": 149}
{"timestamp": "2026-05-12 10:07:12", "level": "DEBUG", "logger": "celery.beat", "message": "beat: Waking up in 5.00 seconds.", "lineno": 647}
{"timestamp": "2026-05-12 10:07:12", "level": "INFO", "logger": "celery.app.trace", "message": "Task alerts.tasks.check_price_alerts[8fc058ae-a937-43a2-8db2-a65edbf411c1] succeeded in 0.017592083000636194s: {'triggered_count': 0}", "lineno": 128}
{"timestamp": "2026-05-12 10:07:17", "level": "DEBUG", "logger": "celery.beat", "message": "beat: Waking up in 5.00 seconds.", "lineno": 647}
{"timestamp": "2026-05-12 10:07:22", "level": "DEBUG", "logger": "celery.beat", "message": "beat: Waking up in 5.00 seconds.", "lineno": 647}
{"timestamp": "2026-05-12 10:07:27", "level": "DEBUG", "logger": "celery.beat", "message": "beat: Waking up in 5.00 seconds.", "lineno": 647}
{"timestamp": "2026-05-12 10:07:32", "level": "DEBUG", "logger": "celery.beat", "message": "beat: Synchronizing schedule...", "lineno": 429}
{"timestamp": "2026-05-12 10:07:32", "level": "DEBUG", "logger": "celery.beat", "message": "beat: Waking up in 5.00 seconds.", "lineno": 647}
{"timestamp": "2026-05-12 10:07:37", "level": "DEBUG", "logger": "celery.beat", "message": "beat: Waking up in 5.00 seconds.", "lineno": 647}
{"timestamp": "2026-05-12 10:07:42", "level": "DEBUG", "logger": "celery.beat", "message": "beat: Waking up in 5.00 seconds.", "lineno": 647}
{"timestamp": "2026-05-12 10:07:47", "level": "DEBUG", "logger": "celery.beat", "message": "beat: Waking up in 5.00 seconds.", "lineno": 647}
{"timestamp": "2026-05-12 10:07:52", "level": "DEBUG", "logger": "celery.beat", "message": "beat: Waking up in 5.00 seconds.", "lineno": 647}
{"timestamp": "2026-05-12 10:07:57", "level": "DEBUG", "logger": "celery.beat", "message": "beat: Waking up in 5.00 seconds.", "lineno": 647}
{"timestamp": "2026-05-12 10:08:02", "level": "DEBUG", "logger": "celery.beat", "message": "beat: Waking up in 5.00 seconds.", "lineno": 647}
{"timestamp": "2026-05-12 10:08:08", "level": "DEBUG", "logger": "celery.beat", "message": "beat: Waking up in 5.00 seconds.", "lineno": 647}
{"timestamp": "2026-05-12 10:08:13", "level": "DEBUG", "logger": "celery.beat", "message": "beat: Waking up in 5.00 seconds.", "lineno": 647}
{"timestamp": "2026-05-12 10:08:18", "level": "DEBUG", "logger": "celery.beat", "message": "beat: Waking up in 5.00 seconds.", "lineno": 647}
{"timestamp": "2026-05-12 10:08:23", "level": "DEBUG", "logger": "celery.beat", "message": "beat: Waking up in 5.00 seconds.", "lineno": 647}
{"timestamp": "2026-05-12 10:08:28", "level": "DEBUG", "logger": "celery.beat", "message": "beat: Waking up in 5.00 seconds.", "lineno": 647}
{"timestamp": "2026-05-12 10:08:33", "level": "DEBUG", "logger": "celery.beat", "message": "beat: Waking up in 5.00 seconds.", "lineno": 647}
{"timestamp": "2026-05-12 10:08:38", "level": "DEBUG", "logger": "celery.beat", "message": "beat: Waking up in 5.00 seconds.", "lineno": 647}
{"timestamp": "2026-05-12 10:08:43", "level": "DEBUG", "logger": "celery.beat", "message": "beat: Waking up in 5.00 seconds.", "lineno": 647}
{"timestamp": "2026-05-12 10:08:48", "level": "DEBUG", "logger": "celery.beat", "message": "beat: Waking up in 5.00 seconds.", "lineno": 647}
{"timestamp": "2026-05-12 10:08:53", "level": "DEBUG", "logger": "celery.beat", "message": "beat: Waking up in 5.00 seconds.", "lineno": 647}
{"timestamp": "2026-05-12 10:08:58", "level": "DEBUG", "logger": "celery.beat", "message": "beat: Waking up in 5.00 seconds.", "lineno": 647}
{"timestamp": "2026-05-12 10:09:03", "level": "DEBUG", "logger": "celery.beat", "message": "beat: Waking up in 5.00 seconds.", "lineno": 647}
{"timestamp": "2026-05-12 10:09:08", "level": "DEBUG", "logger": "celery.beat", "message": "beat: Waking up in 5.00 seconds.", "lineno": 647}
{"timestamp": "2026-05-12 10:09:13", "level": "DEBUG", "logger": "celery.beat", "message": "beat: Waking up in 5.00 seconds.", "lineno": 647}
{"timestamp": "2026-05-12 10:09:18", "level": "DEBUG", "logger": "celery.beat", "message": "beat: Waking up in 5.00 seconds.", "lineno": 647}
{"timestamp": "2026-05-12 10:09:23", "level": "DEBUG", "logger": "celery.beat", "message": "beat: Waking up in 5.00 seconds.", "lineno": 647}
{"timestamp": "2026-05-12 10:09:28", "level": "DEBUG", "logger": "celery.beat", "message": "beat: Waking up in 5.00 seconds.", "lineno": 647}
{"timestamp": "2026-05-12 10:09:33", "level": "DEBUG", "logger": "celery.beat", "message": "beat: Waking up in 5.00 seconds.", "lineno": 647}
{"timestamp": "2026-05-12 10:09:38", "level": "DEBUG", "logger": "celery.beat", "message": "beat: Waking up in 5.00 seconds.", "lineno": 647}
{"timestamp": "2026-05-12 10:09:43", "level": "DEBUG", "logger": "celery.beat", "message": "beat: Waking up in 5.00 seconds.", "lineno": 647}
{"timestamp": "2026-05-12 10:09:48", "level": "DEBUG", "logger": "celery.beat", "message": "beat: Waking up in 5.00 seconds.", "lineno": 647}
{"timestamp": "2026-05-12 10:09:53", "level": "DEBUG", "logger": "celery.beat", "message": "beat: Waking up in 5.00 seconds.", "lineno": 647}
{"timestamp": "2026-05-12 10:09:58", "level": "DEBUG", "logger": "celery.beat", "message": "beat: Waking up in 5.00 seconds.", "lineno": 647}
{"timestamp": "2026-05-12 10:10:03", "level": "DEBUG", "logger": "celery.beat", "message": "beat: Waking up in 5.00 seconds.", "lineno": 647}
{"timestamp": "2026-05-12 10:10:08", "level": "DEBUG", "logger": "celery.beat", "message": "beat: Waking up in 5.00 seconds.", "lineno": 647}
{"timestamp": "2026-05-12 10:10:13", "level": "DEBUG", "logger": "celery.beat", "message": "beat: Waking up in 5.00 seconds.", "lineno": 647}
{"timestamp": "2026-05-12 10:10:18", "level": "DEBUG", "logger": "celery.beat", "message": "beat: Waking up in 5.00 seconds.", "lineno": 647}
{"timestamp": "2026-05-12 10:10:23", "level": "DEBUG", "logger": "celery.beat", "message": "beat: Waking up in 5.00 seconds.", "lineno": 647}
{"timestamp": "2026-05-12 10:10:28", "level": "DEBUG", "logger": "celery.beat", "message": "beat: Waking up in 5.00 seconds.", "lineno": 647}
{"timestamp": "2026-05-12 10:10:33", "level": "DEBUG", "logger": "celery.beat", "message": "beat: Synchronizing schedule...", "lineno": 429}
{"timestamp": "2026-05-12 10:10:33", "level": "DEBUG", "logger": "celery.beat", "message": "beat: Waking up in 5.00 seconds.", "lineno": 647}
{"timestamp": "2026-05-12 10:10:38", "level": "DEBUG", "logger": "celery.beat", "message": "beat: Waking up in 5.00 seconds.", "lineno": 647}
{"timestamp": "2026-05-12 10:10:43", "level": "DEBUG", "logger": "celery.beat", "message": "beat: Waking up in 5.00 seconds.", "lineno": 647}
{"timestamp": "2026-05-12 10:10:48", "level": "DEBUG", "logger": "celery.beat", "message": "beat: Waking up in 5.00 seconds.", "lineno": 647}
{"timestamp": "2026-05-12 10:10:53", "level": "DEBUG", "logger": "celery.beat", "message": "beat: Waking up in 5.00 seconds.", "lineno": 647}
{"timestamp": "2026-05-12 10:10:58", "level": "DEBUG", "logger": "celery.beat", "message": "beat: Waking up in 5.00 seconds.", "lineno": 647}
{"timestamp": "2026-05-12 10:11:03", "level": "DEBUG", "logger": "celery.beat", "message": "beat: Waking up in 5.00 seconds.", "lineno": 647}
{"timestamp": "2026-05-12 10:11:08", "level": "DEBUG", "logger": "celery.beat", "message": "beat: Waking up in 5.00 seconds.", "lineno": 647}
{"timestamp": "2026-05-12 10:11:13", "level": "DEBUG", "logger": "celery.beat", "message": "beat: Waking up in 5.00 seconds.", "lineno": 647}
{"timestamp": "2026-05-12 10:11:18", "level": "DEBUG", "logger": "celery.beat", "message": "beat: Waking up in 5.00 seconds.", "lineno": 647}
{"timestamp": "2026-05-12 10:11:23", "level": "DEBUG", "logger": "celery.beat", "message": "beat: Waking up in 5.00 seconds.", "lineno": 647}
{"timestamp": "2026-05-12 10:11:28", "level": "DEBUG", "logger": "celery.beat", "message": "beat: Waking up in 5.00 seconds.", "lineno": 647}
{"timestamp": "2026-05-12 10:11:33", "level": "DEBUG", "logger": "celery.beat", "message": "beat: Waking up in 5.00 seconds.", "lineno": 647}
{"timestamp": "2026-05-12 10:11:38", "level": "DEBUG", "logger": "celery.beat", "message": "beat: Waking up in 5.00 seconds.", "lineno": 647}
{"timestamp": "2026-05-12 10:11:43", "level": "DEBUG", "logger": "celery.beat", "message": "beat: Waking up in 5.00 seconds.", "lineno": 647}
{"timestamp": "2026-05-12 10:11:48", "level": "DEBUG", "logger": "celery.beat", "message": "beat: Waking up in 5.00 seconds.", "lineno": 647}
{"timestamp": "2026-05-12 10:11:53", "level": "DEBUG", "logger": "celery.beat", "message": "beat: Waking up in 5.00 seconds.", "lineno": 647}
{"timestamp": "2026-05-12 10:11:58", "level": "DEBUG", "logger": "celery.beat", "message": "beat: Waking up in 5.00 seconds.", "lineno": 647}
{"timestamp": "2026-05-12 10:12:03", "level": "DEBUG", "logger": "celery.beat", "message": "beat: Waking up in 5.00 seconds.", "lineno": 647}
{"timestamp": "2026-05-12 10:12:09", "level": "DEBUG", "logger": "celery.beat", "message": "beat: Waking up in 3.73 seconds.", "lineno": 647}
{"timestamp": "2026-05-12 10:12:12", "level": "INFO", "logger": "celery.beat", "message": "Scheduler: Sending due task check-price-alerts (alerts.tasks.check_price_alerts)", "lineno": 280}
{"timestamp": "2026-05-12 10:12:12", "level": "DEBUG", "logger": "celery.beat", "message": "alerts.tasks.check_price_alerts sent. id->c9d5b27c-aa0a-4a62-ade9-f0cac67c6ce0", "lineno": 288}
{"timestamp": "2026-05-12 10:12:12", "level": "INFO", "logger": "celery.worker.strategy", "message": "Task alerts.tasks.check_price_alerts[c9d5b27c-aa0a-4a62-ade9-f0cac67c6ce0] received", "lineno": 161}
{"timestamp": "2026-05-12 10:12:12", "level": "DEBUG", "logger": "celery.pool", "message": "TaskPool: Apply <function fast_trace_task at 0xffffb16bd260> (args:('alerts.tasks.check_price_alerts', 'c9d5b27c-aa0a-4a62-ade9-f0cac67c6ce0', {'lang': 'py', 'task': 'alerts.tasks.check_price_alerts', 'id': 'c9d5b27c-aa0a-4a62-ade9-f0cac67c6ce0', 'shadow': None, 'eta': None, 'expires': None, 'group': None, 'group_index': None, 'retries': 0, 'timelimit': [None, None], 'root_id': 'c9d5b27c-aa0a-4a62-ade9-f0cac67c6ce0', 'parent_id': None, 'argsrepr': '()', 'kwargsrepr': '{}', 'origin': 'gen1@4bace727b285', 'ignore_result': False, 'replaced_task_nesting': 0, 'stamped_headers': None, 'stamps': {}, 'periodic_task_name': 'check-price-alerts', 'properties': {'correlation_id': 'c9d5b27c-aa0a-4a62-ade9-f0cac67c6ce0', 'reply_to': '798a356a-aa85-37f0-8d22-25edff947468', 'delivery_mode': 2, 'delivery_info': {'exchange': '', 'routing_key': 'celery'}, 'priority': 0, 'body_encoding': 'base64', 'delivery_tag': 'f7f16772-7545-43b3-864a-1265e2587f70'}, 'reply_to': '798a356a-aa85-37f0-8d22-25edff947468', 'correlation_id': 'c9d5b27c-aa0a-4a62-ade9-f0cac67c6ce0', 'hostname':... kwargs:{})", "lineno": 149}
{"timestamp": "2026-05-12 10:12:12", "level": "DEBUG", "logger": "celery.beat", "message": "beat: Waking up in 5.00 seconds.", "lineno": 647}
{"timestamp": "2026-05-12 10:12:12", "level": "INFO", "logger": "celery.app.trace", "message": "Task alerts.tasks.check_price_alerts[c9d5b27c-aa0a-4a62-ade9-f0cac67c6ce0] succeeded in 0.026654792000044836s: {'triggered_count': 0}", "lineno": 128}
{"timestamp": "2026-05-12 10:12:17", "level": "DEBUG", "logger": "celery.beat", "message": "beat: Waking up in 5.00 seconds.", "lineno": 647}
{"timestamp": "2026-05-12 10:12:22", "level": "DEBUG", "logger": "celery.beat", "message": "beat: Waking up in 5.00 seconds.", "lineno": 647}
{"timestamp": "2026-05-12 10:12:27", "level": "DEBUG", "logger": "celery.beat", "message": "beat: Waking up in 5.00 seconds.", "lineno": 647}
{"timestamp": "2026-05-12 10:12:32", "level": "DEBUG", "logger": "celery.beat", "message": "beat: Waking up in 5.00 seconds.", "lineno": 647}
{"timestamp": "2026-05-12 10:12:37", "level": "DEBUG", "logger": "celery.beat", "message": "beat: Waking up in 5.00 seconds.", "lineno": 647}
{"timestamp": "2026-05-12 10:12:42", "level": "DEBUG", "logger": "celery.beat", "message": "beat: Waking up in 5.00 seconds.", "lineno": 647}
{"timestamp": "2026-05-12 10:12:47", "level": "DEBUG", "logger": "celery.beat", "message": "beat: Waking up in 5.00 seconds.", "lineno": 647}
{"timestamp": "2026-05-12 10:12:52", "level": "DEBUG", "logger": "celery.beat", "message": "beat: Waking up in 5.00 seconds.", "lineno": 647}
{"timestamp": "2026-05-12 10:12:57", "level": "DEBUG", "logger": "celery.beat", "message": "beat: Waking up in 5.00 seconds.", "lineno": 647}
{"timestamp": "2026-05-12 10:13:02", "level": "DEBUG", "logger": "celery.beat", "message": "beat: Waking up in 5.00 seconds.", "lineno": 647}
{"timestamp": "2026-05-12 10:13:08", "level": "DEBUG", "logger": "celery.beat", "message": "beat: Waking up in 5.00 seconds.", "lineno": 647}
{"timestamp": "2026-05-12 10:13:13", "level": "DEBUG", "logger": "celery.beat", "message": "beat: Waking up in 5.00 seconds.", "lineno": 647}
{"timestamp": "2026-05-12 10:13:18", "level": "DEBUG", "logger": "celery.beat", "message": "beat: Waking up in 5.00 seconds.", "lineno": 647}
{"timestamp": "2026-05-12 10:13:23", "level": "DEBUG", "logger": "celery.beat", "message": "beat: Waking up in 5.00 seconds.", "lineno": 647}
{"timestamp": "2026-05-12 10:13:28", "level": "DEBUG", "logger": "celery.beat", "message": "beat: Waking up in 5.00 seconds.", "lineno": 647}
{"timestamp": "2026-05-12 10:13:33", "level": "DEBUG", "logger": "celery.beat", "message": "beat: Waking up in 5.00 seconds.", "lineno": 647}
{"timestamp": "2026-05-12 10:13:38", "level": "DEBUG", "logger": "celery.beat", "message": "beat: Synchronizing schedule...", "lineno": 429}
{"timestamp": "2026-05-12 10:13:38", "level": "DEBUG", "logger": "celery.beat", "message": "beat: Waking up in 5.00 seconds.", "lineno": 647}
{"timestamp": "2026-05-12 10:13:43", "level": "DEBUG", "logger": "celery.beat", "message": "beat: Waking up in 5.00 seconds.", "lineno": 647}
{"timestamp": "2026-05-12 10:13:48", "level": "DEBUG", "logger": "celery.beat", "message": "beat: Waking up in 5.00 seconds.", "lineno": 647}
{"timestamp": "2026-05-12 10:13:53", "level": "DEBUG", "logger": "celery.beat", "message": "beat: Waking up in 5.00 seconds.", "lineno": 647}
{"timestamp": "2026-05-12 10:13:58", "level": "DEBUG", "logger": "celery.beat", "message": "beat: Waking up in 5.00 seconds.", "lineno": 647}
{"timestamp": "2026-05-12 10:14:03", "level": "DEBUG", "logger": "celery.beat", "message": "beat: Waking up in 5.00 seconds.", "lineno": 647}
{"timestamp": "2026-05-12 10:14:08", "level": "DEBUG", "logger": "celery.beat", "message": "beat: Waking up in 5.00 seconds.", "lineno": 647}
{"timestamp": "2026-05-12 10:14:13", "level": "DEBUG", "logger": "celery.beat", "message": "beat: Waking up in 5.00 seconds.", "lineno": 647}
{"timestamp": "2026-05-12 10:14:18", "level": "DEBUG", "logger": "celery.beat", "message": "beat: Waking up in 5.00 seconds.", "lineno": 647}
{"timestamp": "2026-05-12 10:14:23", "level": "DEBUG", "logger": "celery.beat", "message": "beat: Waking up in 5.00 seconds.", "lineno": 647}
{"timestamp": "2026-05-12 10:14:28", "level": "DEBUG", "logger": "celery.beat", "message": "beat: Waking up in 5.00 seconds.", "lineno": 647}
{"timestamp": "2026-05-12 10:14:33", "level": "DEBUG", "logger": "celery.beat", "message": "beat: Waking up in 5.00 seconds.", "lineno": 647}
